old_symbol,new_symbol,effective_date,source,recorded_at
CMOD,CMOP,2017-04-10,alpaca:corporate-actions:name_change,2026-09-28T02:59:35Z
EMLC,EMGB,2017-06-14,alpaca:corporate-actions:name_change,2026-09-28T02:59:35Z
AT1,AT1P,2018-07-16,alpaca:corporate-actions:name_change,2026-09-28T02:59:35Z
PRFD,PRFP,2018-07-16,alpaca:corporate-actions:name_change,2026-09-28T02:59:35Z
NANO,ONTO,2019-10-28,alpaca:corporate-actions:name_change,2026-09-28T02:59:35Z
SITC-PRJ,SITC-PRJCL,2019-10-28,alpaca:corporate-actions:name_change,2026-09-28T02:59:35Z
PSB-PRU,PSB-PRUCL,2019-11-04,alpaca:corporate-actions:name_change,2026-09-28T02:59:35Z
PSB-PRV,PSB-PRVCL,2019-11-04,alpaca:corporate-actions:name_change,2026-09-28T02:59:35Z
HCP,PEAK,2019-11-06,alpaca:corporate-actions:name_change,2026-09-28T02:59:35Z
LVIN,RODE,2019-11-06,alpaca:corporate-actions:name_change,2026-09-28T02:59:35Z
ROGS,ROSC,2019-11-06,alpaca:corporate-actions:name_change,2026-09-28T02:59:35Z
STT-PRE,STT-PRECL,2019-11-07,alpaca:corporate-actions:name_change,2026-09-28T02:59:35Z
BEMO,ADME,2019-11-08,alpaca:corporate-actions:name_change,2026-09-28T02:59:35Z
PSB-PRU,PSB-PRUCL,2019-11-08,alpaca:corporate-actions:name_change,2026-09-28T02:59:35Z
PSB-PRV,PSB-PRVCL,2019-11-08,alpaca:corporate-actions:name_change,2026-09-28T02:59:35Z
DFBH,AHCO,2019-11-11,alpaca:corporate-actions:name_change,2026-09-28T02:59:35Z
HAIR,VERO,2019-11-11,alpaca:corporate-actions:name_change,2026-09-28T02:59:35Z
SWJ,SWJ-CL,2019-11-14,alpaca:corporate-actions:name_change,2026-09-28T02:59:35Z
SWJ,SWJ-CL,2019-11-15,alpaca:corporate-actions:name_change,2026-09-28T02:59:35Z
OPP-RTWI,OPP-RT,2019-11-18,alpaca:corporate-actions:name_change,2026-09-28T02:59:35Z
GAB-PRD,GAB-PRDCL,2019-11-19,alpaca:corporate-actions:name_change,2026-09-28T02:59:35Z
GDV-PRD,GDV-PRDCL,2019-11-19,alpaca:corporate-actions:name_change,2026-09-28T02:59:35Z
GGT-PRB,GGT-PRBCL,2019-11-19,alpaca:corporate-actions:name_change,2026-09-28T02:59:35Z
NEWM,GCI,2019-11-20,alpaca:corporate-actions:name_change,2026-09-28T02:59:35Z
TPGH,ACEL,2019-11-21,alpaca:corporate-actions:name_change,2026-09-28T02:59:35Z
BXRXV,BXRX,2019-11-22,alpaca:corporate-actions:name_change,2026-09-28T02:59:35Z
DISHV,DISHR,2019-11-25,alpaca:corporate-actions:name_change,2026-09-28T02:59:35Z
MS-PRG,MS-PRGCL,2019-11-26,alpaca:corporate-actions:name_change,2026-09-28T02:59:35Z
AFGE,AFGE-CL,2019-11-27,alpaca:corporate-actions:name_change,2026-09-28T02:59:35Z
GYB,GYB-CL,2019-11-27,alpaca:corporate-actions:name_change,2026-09-28T02:59:35Z
PSA-PRA,PSA-PRACL,2019-11-27,alpaca:corporate-actions:name_change,2026-09-28T02:59:35Z
AFGE,AFGE-CL,2019-11-29,alpaca:corporate-actions:name_change,2026-09-28T02:59:35Z
DKT,DKT-CL,2019-11-29,alpaca:corporate-actions:name_change,2026-09-28T02:59:35Z
GYB,GYB-CL,2019-11-29,alpaca:corporate-actions:name_change,2026-09-28T02:59:35Z
PPDF,FINV,2019-11-29,alpaca:corporate-actions:name_change,2026-09-28T02:59:35Z
PSA-PRA,PSA-PRACL,2019-11-29,alpaca:corporate-actions:name_change,2026-09-28T02:59:35Z
GIG-WS,KLR-WS,2019-12-02,alpaca:corporate-actions:name_change,2026-09-28T02:59:35Z
GJV,GJV-CL,2019-12-02,alpaca:corporate-actions:name_change,2026-09-28T02:59:35Z
KIM-PRJ,KIM-PRJCL,2019-12-02,alpaca:corporate-actions:name_change,2026-09-28T02:59:35Z
YMLP,EINC,2019-12-02,alpaca:corporate-actions:name_change,2026-09-28T02:59:35Z
GIG,KLR,2019-12-03,alpaca:corporate-actions:name_change,2026-09-28T02:59:35Z
BBT,TFC,2019-12-09,alpaca:corporate-actions:name_change,2026-09-28T02:59:35Z
ALL-PRA,ALL-PRACL,2019-12-10,alpaca:corporate-actions:name_change,2026-09-28T02:59:35Z
BBT-PRF,TFC-PRF,2019-12-10,alpaca:corporate-actions:name_change,2026-09-28T02:59:35Z
BBT-PRG,TFC-PRG,2019-12-10,alpaca:corporate-actions:name_change,2026-09-28T02:59:35Z
BBT-PRH,TFC-PRH,2019-12-10,alpaca:corporate-actions:name_change,2026-09-28T02:59:35Z
JEC,J,2019-12-10,alpaca:corporate-actions:name_change,2026-09-28T02:59:35Z
CLNY-PRB,CLNY-PRBCL,2019-12-12,alpaca:corporate-actions:name_change,2026-09-28T02:59:35Z
CLNY-PRE,CLNY-PRECL,2019-12-12,alpaca:corporate-actions:name_change,2026-09-28T02:59:35Z
AXS-PRD,AXS-PRDCL,2019-12-18,alpaca:corporate-actions:name_change,2026-09-28T02:59:35Z
DGSE,ELA,2019-12-18,alpaca:corporate-actions:name_change,2026-09-28T02:59:35Z
BAC-PRY,BAC-PRYCL,2019-12-19,alpaca:corporate-actions:name_change,2026-09-28T02:59:35Z
ECCA,ECCA-CL,2019-12-19,alpaca:corporate-actions:name_change,2026-09-28T02:59:35Z
TPGH-WS,ACEL-WS,2019-12-19,alpaca:corporate-actions:name_change,2026-09-28T02:59:35Z
ANFI,RYCE,2019-12-23,alpaca:corporate-actions:name_change,2026-09-28T02:59:35Z
NFC,NFH,2019-12-24,alpaca:corporate-actions:name_change,2026-09-28T02:59:35Z
GEMP,NRBO,2019-12-31,alpaca:corporate-actions:name_change,2026-09-28T02:59:35Z
CECO,PRDO,2020-01-02,alpaca:corporate-actions:name_change,2026-09-28T02:59:35Z
GRI,RDOG,2020-01-02,alpaca:corporate-actions:name_change,2026-09-28T02:59:35Z
JMPD,JMPNL,2020-01-02,alpaca:corporate-actions:name_change,2026-09-28T02:59:35Z
JMPE,JMPNZ,2020-01-02,alpaca:corporate-actions:name_change,2026-09-28T02:59:35Z
SNH,DHC,2020-01-02,alpaca:corporate-actions:name_change,2026-09-28T02:59:35Z
SNHNI,DHCNI,2020-01-02,alpaca:corporate-actions:name_change,2026-09-28T02:59:35Z
SNHNL,DHCNL,2020-01-02,alpaca:corporate-actions:name_change,2026-09-28T02:59:35Z
ZB-PRA,ZIONP,2020-01-02,alpaca:corporate-actions:name_change,2026-09-28T02:59:35Z
ZB-PRG,ZIONO,2020-01-02,alpaca:corporate-actions:name_change,2026-09-28T02:59:35Z
ZB-PRH,ZIONN,2020-01-02,alpaca:corporate-actions:name_change,2026-09-28T02:59:35Z
ZBK,ZIONL,2020-01-02,alpaca:corporate-actions:name_change,2026-09-28T02:59:35Z
PJC,PIPR,2020-01-06,alpaca:corporate-actions:name_change,2026-09-28T02:59:35Z
NTCO-WI,NTCO,2020-01-07,alpaca:corporate-actions:name_change,2026-09-28T02:59:35Z
SAB,SAB-CL,2020-01-09,alpaca:corporate-actions:name_change,2026-09-28T02:59:35Z
CBS-A,VIACA,2020-01-10,alpaca:corporate-actions:name_change,2026-09-28T02:59:35Z
CELGZ,CELG-RT,2020-01-10,alpaca:corporate-actions:name_change,2026-09-28T02:59:35Z
JAMF,JNMF,2020-01-13,alpaca:corporate-actions:name_change,2026-09-28T02:59:35Z
PRTO,TARA,2020-01-13,alpaca:corporate-actions:name_change,2026-09-28T02:59:35Z
KYN-PRF,KYN-PRFCL,2020-01-15,alpaca:corporate-actions:name_change,2026-09-28T02:59:35Z
MDIAV,MDIA,2020-01-17,alpaca:corporate-actions:name_change,2026-09-28T02:59:35Z
RQI-RTWI,RQI-RT,2020-01-21,alpaca:corporate-actions:name_change,2026-09-28T02:59:35Z
HSAC,IMVT,2020-01-24,alpaca:corporate-actions:name_change,2026-09-28T02:59:35Z
HSACU,IMVTU,2020-01-24,alpaca:corporate-actions:name_change,2026-09-28T02:59:35Z
HSACW,IMVTW,2020-01-24,alpaca:corporate-actions:name_change,2026-09-28T02:59:35Z
NFC-WS,NFH-WS,2020-01-24,alpaca:corporate-actions:name_change,2026-09-28T02:59:35Z
ECA,OVV,2020-01-27,alpaca:corporate-actions:name_change,2026-09-28T02:59:35Z
AMBCW,AMBC-WS,2020-02-03,alpaca:corporate-actions:name_change,2026-09-28T02:59:35Z
BIOS,OPCH,2020-02-03,alpaca:corporate-actions:name_change,2026-09-28T02:59:35Z
COF-PRP,COF-PRPCL,2020-02-03,alpaca:corporate-actions:name_change,2026-09-28T02:59:35Z
FII,FHI,2020-02-03,alpaca:corporate-actions:name_change,2026-09-28T02:59:35Z
JPM-PRF,JPM-PRFCL,2020-02-03,alpaca:corporate-actions:name_change,2026-09-28T02:59:35Z
OSLE,OSLE-CL,2020-02-03,alpaca:corporate-actions:name_change,2026-09-28T02:59:35Z
WTR,WTRG,2020-02-03,alpaca:corporate-actions:name_change,2026-09-28T02:59:35Z
XON,PGEN,2020-02-03,alpaca:corporate-actions:name_change,2026-09-28T02:59:35Z
ARR-PRB,ARR-PRBCL,2020-02-07,alpaca:corporate-actions:name_change,2026-09-28T02:59:35Z
GSAH,VRT,2020-02-10,alpaca:corporate-actions:name_change,2026-09-28T02:59:35Z
GSAH-U,VERT-U,2020-02-11,alpaca:corporate-actions:name_change,2026-09-28T02:59:35Z
GSAH-WS,VRT-WS,2020-02-11,alpaca:corporate-actions:name_change,2026-09-28T02:59:35Z
JMU,MFH,2020-02-12,alpaca:corporate-actions:name_change,2026-09-28T02:59:35Z
MRIC,CLPT,2020-02-12,alpaca:corporate-actions:name_change,2026-09-28T02:59:35Z
CBS,VIAC,2020-02-13,alpaca:corporate-actions:name_change,2026-09-28T02:59:35Z
STT-PRC,STT-PRCCL,2020-02-13,alpaca:corporate-actions:name_change,2026-09-28T02:59:35Z
DX-PRA,DX-PRACL,2020-02-14,alpaca:corporate-actions:name_change,2026-09-28T02:59:35Z
BRPM,ALTG,2020-02-18,alpaca:corporate-actions:name_change,2026-09-28T02:59:35Z
CFR-PRA,CFR-PRACL,2020-02-18,alpaca:corporate-actions:name_change,2026-09-28T02:59:35Z
GRSH,PAE,2020-02-18,alpaca:corporate-actions:name_change,2026-09-28T02:59:35Z
BWMC,ATCX,2020-02-19,alpaca:corporate-actions:name_change,2026-09-28T02:59:35Z
BWMCW,ATCXW,2020-02-19,alpaca:corporate-actions:name_change,2026-09-28T02:59:35Z
TKKSW,GSMGW,2020-02-19,alpaca:corporate-actions:name_change,2026-09-28T02:59:35Z
MOSC-WS,VVNT-WS,2020-02-20,alpaca:corporate-actions:name_change,2026-09-28T02:59:35Z
SBGL,SBSW,2020-02-24,alpaca:corporate-actions:name_change,2026-09-28T02:59:35Z
TKKS,GSMG,2020-02-25,alpaca:corporate-actions:name_change,2026-09-28T02:59:35Z
RNR-PRC,RNR-PRCCL,2020-02-26,alpaca:corporate-actions:name_change,2026-09-28T02:59:35Z
BPR,BPYU,2020-03-02,alpaca:corporate-actions:name_change,2026-09-28T02:59:35Z
BPRAP,BPYUP,2020-03-02,alpaca:corporate-actions:name_change,2026-09-28T02:59:35Z
GDI,IR,2020-03-02,alpaca:corporate-actions:name_change,2026-09-28T02:59:35Z
IR,TT,2020-03-02,alpaca:corporate-actions:name_change,2026-09-28T02:59:35Z
SSW,ATCO,2020-03-02,alpaca:corporate-actions:name_change,2026-09-28T02:59:35Z
SSW-PRD,ATCO-PRD,2020-03-02,alpaca:corporate-actions:name_change,2026-09-28T02:59:35Z
SSW-PRE,ATCO-PRE,2020-03-02,alpaca:corporate-actions:name_change,2026-09-28T02:59:35Z
SSW-PRG,ATCO-PRG,2020-03-02,alpaca:corporate-actions:name_change,2026-09-28T02:59:35Z
SSW-PRH,ATCO-PRH,2020-03-02,alpaca:corporate-actions:name_change,2026-09-28T02:59:35Z
SSW-PRI,ATCO-PRI,2020-03-02,alpaca:corporate-actions:name_change,2026-09-28T02:59:35Z
COT,PRMW,2020-03-03,alpaca:corporate-actions:name_change,2026-09-28T02:59:35Z
CTAC,GDYN,2020-03-06,alpaca:corporate-actions:name_change,2026-09-28T02:59:35Z
DFNSU,DFNS-U,2020-03-09,alpaca:corporate-actions:name_change,2026-09-28T02:59:35Z
HIIQ,BFYT,2020-03-09,alpaca:corporate-actions:name_change,2026-09-28T02:59:35Z
BRPM-WS,ALTG-WS,2020-03-11,alpaca:corporate-actions:name_change,2026-09-28T02:59:35Z
GRX-PRA,GRX-PRACL,2020-03-11,alpaca:corporate-actions:name_change,2026-09-28T02:59:35Z
DHDG,RESD,2020-03-16,alpaca:corporate-actions:name_change,2026-09-28T02:59:35Z
DVEM,RESE,2020-03-16,alpaca:corporate-actions:name_change,2026-09-28T02:59:35Z
EXT,RESP,2020-03-16,alpaca:corporate-actions:name_change,2026-09-28T02:59:35Z
SPEX,AIKI,2020-03-16,alpaca:corporate-actions:name_change,2026-09-28T02:59:35Z
ISG,ISG-CL,2020-03-17,alpaca:corporate-actions:name_change,2026-09-28T02:59:35Z
TIBR,IGIC,2020-03-18,alpaca:corporate-actions:name_change,2026-09-28T02:59:35Z
NLNK,LUMO,2020-03-19,alpaca:corporate-actions:name_change,2026-09-28T02:59:35Z
GRSHW,PAEWW,2020-03-20,alpaca:corporate-actions:name_change,2026-09-28T02:59:35Z
GLOW,OBLG,2020-03-25,alpaca:corporate-actions:name_change,2026-09-28T02:59:35Z
TOO-PRA,ALIN-PRA,2020-03-25,alpaca:corporate-actions:name_change,2026-09-28T02:59:35Z
TOO-PRB,ALIN-PRB,2020-03-25,alpaca:corporate-actions:name_change,2026-09-28T02:59:35Z
TOO-PRE,ALIN-PRE,2020-03-25,alpaca:corporate-actions:name_change,2026-09-28T02:59:35Z
TIBRW,IGICW,2020-03-26,alpaca:corporate-actions:name_change,2026-09-28T02:59:35Z
DCIX,PSHG,2020-03-30,alpaca:corporate-actions:name_change,2026-09-28T02:59:35Z
BIPC-WI,BIPC,2020-03-31,alpaca:corporate-actions:name_change,2026-09-28T02:59:35Z
ARNC-WI,ARNC,2020-04-01,alpaca:corporate-actions:name_change,2026-09-28T02:59:35Z
HWM-WI,HWM,2020-04-01,alpaca:corporate-actions:name_change,2026-09-28T02:59:35Z
ARNC-PR,HWM-PR,2020-04-02,alpaca:corporate-actions:name_change,2026-09-28T02:59:35Z
ARNC-WI,ARNC,2020-04-02,alpaca:corporate-actions:name_change,2026-09-28T02:59:35Z
BURG,SONN,2020-04-02,alpaca:corporate-actions:name_change,2026-09-28T02:59:35Z
RECN,RGP,2020-04-02,alpaca:corporate-actions:name_change,2026-09-28T02:59:35Z
CARR-WI,CARR,2020-04-03,alpaca:corporate-actions:name_change,2026-09-28T02:59:35Z
OTIS-WI,OTIS,2020-04-03,alpaca:corporate-actions:name_change,2026-09-28T02:59:35Z
UTX,RTX,2020-04-03,alpaca:corporate-actions:name_change,2026-09-28T02:59:35Z
DXB,DXB-CL,2020-04-08,alpaca:corporate-actions:name_change,2026-09-28T02:59:35Z
IFLY,IVES,2020-04-08,alpaca:corporate-actions:name_change,2026-09-28T02:59:35Z
GBDCV,GBDCR,2020-04-13,alpaca:corporate-actions:name_change,2026-09-28T02:59:35Z
WRLS,AVCT,2020-04-16,alpaca:corporate-actions:name_change,2026-09-28T02:59:35Z
WRLSW,AVCTW,2020-04-16,alpaca:corporate-actions:name_change,2026-09-28T02:59:35Z
CTACW,GDYNW,2020-04-17,alpaca:corporate-actions:name_change,2026-09-28T02:59:35Z
MSG,MSGS,2020-04-20,alpaca:corporate-actions:name_change,2026-09-28T02:59:35Z
MSGE-WI,MSGE,2020-04-20,alpaca:corporate-actions:name_change,2026-09-28T02:59:35Z
PEK,GLCN,2020-05-01,alpaca:corporate-actions:name_change,2026-09-28T02:59:35Z
SCIF,GLIN,2020-05-01,alpaca:corporate-actions:name_change,2026-09-28T02:59:35Z
PEK,GLCN,2020-05-04,alpaca:corporate-actions:name_change,2026-09-28T02:59:35Z
AKG,GAU,2020-05-05,alpaca:corporate-actions:name_change,2026-09-28T02:59:35Z
INNT,NMTR,2020-05-05,alpaca:corporate-actions:name_change,2026-09-28T02:59:35Z
TROV,CRDF,2020-05-08,alpaca:corporate-actions:name_change,2026-09-28T02:59:35Z
CIFS,HUSN,2020-05-11,alpaca:corporate-actions:name_change,2026-09-28T02:59:35Z
HHHH,SJ,2020-05-11,alpaca:corporate-actions:name_change,2026-09-28T02:59:35Z
CUI,OEG,2020-05-12,alpaca:corporate-actions:name_change,2026-09-28T02:59:35Z
DEACW,DKNGW,2020-05-12,alpaca:corporate-actions:name_change,2026-09-28T02:59:35Z
EMIH,ESEB,2020-05-12,alpaca:corporate-actions:name_change,2026-09-28T02:59:35Z
HYIH,ESHY,2020-05-12,alpaca:corporate-actions:name_change,2026-09-28T02:59:35Z
IGIH,ESCR,2020-05-12,alpaca:corporate-actions:name_change,2026-09-28T02:59:35Z
BCSF-RTWI,BCSF-RT,2020-05-15,alpaca:corporate-actions:name_change,2026-09-28T02:59:35Z
LSXRV,LSXMR,2020-05-18,alpaca:corporate-actions:name_change,2026-09-28T02:59:35Z
TMSR,CCNC,2020-05-19,alpaca:corporate-actions:name_change,2026-09-28T02:59:35Z
BPMX,TMBR,2020-05-20,alpaca:corporate-actions:name_change,2026-09-28T02:59:35Z
HHHHW,SJOYW,2020-05-20,alpaca:corporate-actions:name_change,2026-09-28T02:59:35Z
RTTR,QLGN,2020-05-26,alpaca:corporate-actions:name_change,2026-09-28T02:59:35Z
CNAT,HSTO,2020-05-28,alpaca:corporate-actions:name_change,2026-09-28T02:59:35Z
DCAR,AYRO,2020-05-29,alpaca:corporate-actions:name_change,2026-09-28T02:59:35Z
ZFGN,LRMR,2020-05-29,alpaca:corporate-actions:name_change,2026-09-28T02:59:35Z
AOBC,SWBI,2020-06-01,alpaca:corporate-actions:name_change,2026-09-28T02:59:35Z
MUDS,HYMC,2020-06-01,alpaca:corporate-actions:name_change,2026-09-28T02:59:35Z
MUDSW,HYMCW,2020-06-01,alpaca:corporate-actions:name_change,2026-09-28T02:59:35Z
SPAR,SHYF,2020-06-01,alpaca:corporate-actions:name_change,2026-09-28T02:59:35Z
CHX-WI,CHX,2020-06-04,alpaca:corporate-actions:name_change,2026-09-28T02:59:35Z
CHX-WI,CHX,2020-06-08,alpaca:corporate-actions:name_change,2026-09-28T02:59:35Z
TSLF,FSLF,2020-06-08,alpaca:corporate-actions:name_change,2026-09-28T02:59:35Z
VTIQ,NKLA,2020-06-08,alpaca:corporate-actions:name_change,2026-09-28T02:59:35Z
VTIQW,NKLAW,2020-06-08,alpaca:corporate-actions:name_change,2026-09-28T02:59:35Z
PSA-PRV,PSA-PRVCL,2020-06-10,alpaca:corporate-actions:name_change,2026-09-28T02:59:35Z
NEBU,LPRO,2020-06-11,alpaca:corporate-actions:name_change,2026-09-28T02:59:35Z
ERA,VTOL,2020-06-12,alpaca:corporate-actions:name_change,2026-09-28T02:59:35Z
VRML,AWH,2020-06-12,alpaca:corporate-actions:name_change,2026-09-28T02:59:35Z
XZMJ,XESJ,2020-06-15,alpaca:corporate-actions:name_change,2026-09-28T02:59:35Z
XZW0,XESW,2020-06-15,alpaca:corporate-actions:name_change,2026-09-28T02:59:35Z
TOCA,FBRX,2020-06-16,alpaca:corporate-actions:name_change,2026-09-28T02:59:35Z
DVP,DEEP,2020-06-22,alpaca:corporate-actions:name_change,2026-09-28T02:59:35Z
FDEF,PFC,2020-06-22,alpaca:corporate-actions:name_change,2026-09-28T02:59:35Z
RUBI,MGNI,2020-07-01,alpaca:corporate-actions:name_change,2026-09-28T02:59:35Z
PUB,ALTA,2020-07-02,alpaca:corporate-actions:name_change,2026-09-28T02:59:35Z
CVTI,CVLG,2020-07-06,alpaca:corporate-actions:name_change,2026-09-28T02:59:35Z
INTL,SNEX,2020-07-06,alpaca:corporate-actions:name_change,2026-09-28T02:59:35Z
CATS,OTRK,2020-07-08,alpaca:corporate-actions:name_change,2026-09-28T02:59:35Z
POL,AVNT,2020-07-13,alpaca:corporate-actions:name_change,2026-09-28T02:59:35Z
LHC-WS,DMS-WS,2020-07-16,alpaca:corporate-actions:name_change,2026-09-28T02:59:35Z
LVHB,BUFF,2020-07-17,alpaca:corporate-actions:name_change,2026-09-28T02:59:35Z
RTNX,RNLX,2020-07-17,alpaca:corporate-actions:name_change,2026-09-28T02:59:35Z
VGFO,VWID,2020-07-20,alpaca:corporate-actions:name_change,2026-09-28T02:59:35Z
XRF,SOS,2020-07-20,alpaca:corporate-actions:name_change,2026-09-28T02:59:35Z
ERI,CZR,2020-07-21,alpaca:corporate-actions:name_change,2026-09-28T02:59:35Z
ACTT,FREE,2020-07-22,alpaca:corporate-actions:name_change,2026-09-28T02:59:35Z
ACTTW,FREEW,2020-07-22,alpaca:corporate-actions:name_change,2026-09-28T02:59:35Z
OLEM,OIL,2020-07-29,alpaca:corporate-actions:name_change,2026-09-28T02:59:35Z
BEPC-WI,BEPC,2020-07-30,alpaca:corporate-actions:name_change,2026-09-28T02:59:35Z
RBS,NWG,2020-07-30,alpaca:corporate-actions:name_change,2026-09-28T02:59:35Z
RIF,RMRM,2020-07-30,alpaca:corporate-actions:name_change,2026-09-28T02:59:35Z
OXY-WSWI,OXY-WS,2020-08-04,alpaca:corporate-actions:name_change,2026-09-28T02:59:35Z
TCRD,FCRD,2020-08-04,alpaca:corporate-actions:name_change,2026-09-28T02:59:35Z
DNJR,BTBT,2020-08-07,alpaca:corporate-actions:name_change,2026-09-28T02:59:35Z
TXAC,RACA,2020-08-07,alpaca:corporate-actions:name_change,2026-09-28T02:59:35Z
LHC,DMS,2020-08-10,alpaca:corporate-actions:name_change,2026-09-28T02:59:35Z
LVHB,BUFF,2020-08-11,alpaca:corporate-actions:name_change,2026-09-28T02:59:35Z
RTIX,SRGA,2020-08-12,alpaca:corporate-actions:name_change,2026-09-28T02:59:35Z
TCRW,FCRW,2020-08-17,alpaca:corporate-actions:name_change,2026-09-28T02:59:35Z
TCRZ,FCRZ,2020-08-17,alpaca:corporate-actions:name_change,2026-09-28T02:59:35Z
DBCP,PTRS,2020-08-20,alpaca:corporate-actions:name_change,2026-09-28T02:59:35Z
DMPI,KTRA,2020-08-20,alpaca:corporate-actions:name_change,2026-09-28T02:59:35Z
HSPX,XYLD,2020-08-21,alpaca:corporate-actions:name_change,2026-09-28T02:59:35Z
TBLU,EBLU,2020-08-21,alpaca:corporate-actions:name_change,2026-09-28T02:59:35Z
AOUTV,AOUT,2020-08-25,alpaca:corporate-actions:name_change,2026-09-28T02:59:35Z
MAXNV,MAXN,2020-08-27,alpaca:corporate-actions:name_change,2026-09-28T02:59:35Z
CCH,UTZ,2020-08-31,alpaca:corporate-actions:name_change,2026-09-28T02:59:35Z
FPAC,GB,2020-08-31,alpaca:corporate-actions:name_change,2026-09-28T02:59:35Z
MNLO,VYNE,2020-09-09,alpaca:corporate-actions:name_change,2026-09-28T02:59:35Z
OPP-RTWI,OPP-RT,2020-09-09,alpaca:corporate-actions:name_change,2026-09-28T02:59:35Z
TWMC,KSPN,2020-09-09,alpaca:corporate-actions:name_change,2026-09-28T02:59:35Z
LILRV,LILAR,2020-09-11,alpaca:corporate-actions:name_change,2026-09-28T02:59:35Z
JPGB,JPIB,2020-09-14,alpaca:corporate-actions:name_change,2026-09-28T02:59:35Z
NMFX,NMFCL,2020-09-14,alpaca:corporate-actions:name_change,2026-09-28T02:59:35Z
CCH-WS,UTZ-WS,2020-09-15,alpaca:corporate-actions:name_change,2026-09-28T02:59:35Z
EVSI,BEEM,2020-09-15,alpaca:corporate-actions:name_change,2026-09-28T02:59:35Z
HYXE,HYXF,2020-09-15,alpaca:corporate-actions:name_change,2026-09-28T02:59:35Z
QRTEV,QRTEP,2020-09-15,alpaca:corporate-actions:name_change,2026-09-28T02:59:35Z
EVSIW,BEEMW,2020-09-16,alpaca:corporate-actions:name_change,2026-09-28T02:59:35Z
TORC,ACET,2020-09-16,alpaca:corporate-actions:name_change,2026-09-28T02:59:35Z
CSRA-U,CRHC-U,2020-09-18,alpaca:corporate-actions:name_change,2026-09-28T02:59:35Z
CTL,LUMN,2020-09-18,alpaca:corporate-actions:name_change,2026-09-28T02:59:35Z
EROS,ESGC,2020-09-23,alpaca:corporate-actions:name_change,2026-09-28T02:59:35Z
AEP-PRB,AEPPL,2020-10-01,alpaca:corporate-actions:name_change,2026-09-28T02:59:35Z
AEP-PRC,AEPPZ,2020-10-01,alpaca:corporate-actions:name_change,2026-09-28T02:59:35Z
BBX,BVH,2020-10-01,alpaca:corporate-actions:name_change,2026-09-28T02:59:35Z
GRAF,VLDR,2020-10-01,alpaca:corporate-actions:name_change,2026-09-28T02:59:35Z
HHT,CSCW,2020-10-01,alpaca:corporate-actions:name_change,2026-09-28T02:59:35Z
LNSRV,LNSR,2020-10-02,alpaca:corporate-actions:name_change,2026-09-28T02:59:35Z
SHLL,HYLN,2020-10-02,alpaca:corporate-actions:name_change,2026-09-28T02:59:35Z
SERV,TMX,2020-10-05,alpaca:corporate-actions:name_change,2026-09-28T02:59:35Z
RIV-RTWI,RIV-RT,2020-10-06,alpaca:corporate-actions:name_change,2026-09-28T02:59:35Z
UMRX,COGT,2020-10-06,alpaca:corporate-actions:name_change,2026-09-28T02:59:35Z
ADRO,KDNY,2020-10-07,alpaca:corporate-actions:name_change,2026-09-28T02:59:35Z
CCXX,MPLN,2020-10-09,alpaca:corporate-actions:name_change,2026-09-28T02:59:35Z
FPAC-WS,GB-WS,2020-10-09,alpaca:corporate-actions:name_change,2026-09-28T02:59:35Z
VNT-WI,VNT,2020-10-09,alpaca:corporate-actions:name_change,2026-09-28T02:59:35Z
AUG,FURY,2020-10-12,alpaca:corporate-actions:name_change,2026-09-28T02:59:35Z
JFK,EQOS,2020-10-13,alpaca:corporate-actions:name_change,2026-09-28T02:59:35Z
JFKKW,EQOSW,2020-10-13,alpaca:corporate-actions:name_change,2026-09-28T02:59:35Z
TSU,TIMB-WI,2020-10-14,alpaca:corporate-actions:name_change,2026-09-28T02:59:35Z
CCCL,AEHL,2020-10-15,alpaca:corporate-actions:name_change,2026-09-28T02:59:35Z
INSU,SFT,2020-10-15,alpaca:corporate-actions:name_change,2026-09-28T02:59:35Z
INSUW,SFTTW,2020-10-15,alpaca:corporate-actions:name_change,2026-09-28T02:59:35Z
SAQN,CURI,2020-10-15,alpaca:corporate-actions:name_change,2026-09-28T02:59:35Z
SAQNW,CURIW,2020-10-15,alpaca:corporate-actions:name_change,2026-09-28T02:59:35Z
TIMB-WI,TIMB,2020-10-16,alpaca:corporate-actions:name_change,2026-09-28T02:59:35Z
FTACW,PAYAW,2020-10-19,alpaca:corporate-actions:name_change,2026-09-28T02:59:35Z
FTAC,PAYA,2020-10-20,alpaca:corporate-actions:name_change,2026-09-28T02:59:35Z
FMCI,TTCF,2020-10-23,alpaca:corporate-actions:name_change,2026-09-28T02:59:35Z
AI,AAIC,2020-10-26,alpaca:corporate-actions:name_change,2026-09-28T02:59:35Z
AI-PRB,AAIC-PRB,2020-10-26,alpaca:corporate-actions:name_change,2026-09-28T02:59:35Z
AI-PRC,AAIC-PRC,2020-10-26,alpaca:corporate-actions:name_change,2026-09-28T02:59:35Z
DPHC,RIDE,2020-10-27,alpaca:corporate-actions:name_change,2026-09-28T02:59:35Z
ARYB,CERE,2020-10-29,alpaca:corporate-actions:name_change,2026-09-28T02:59:35Z
CPAA,ADV,2020-10-29,alpaca:corporate-actions:name_change,2026-09-28T02:59:35Z
CPAAW,ADVWW,2020-10-29,alpaca:corporate-actions:name_change,2026-09-28T02:59:35Z
ACT,VICE,2020-11-02,alpaca:corporate-actions:name_change,2026-09-28T02:59:35Z
CCXX-WS,MPLN-WS,2020-11-03,alpaca:corporate-actions:name_change,2026-09-28T02:59:35Z
GRAF-WS,VLDRW,2020-11-06,alpaca:corporate-actions:name_change,2026-09-28T02:59:35Z
KBLM,ATNF,2020-11-09,alpaca:corporate-actions:name_change,2026-09-28T02:59:35Z
KBLMW,ATNFW,2020-11-09,alpaca:corporate-actions:name_change,2026-09-28T02:59:35Z
REXN,OCUP,2020-11-09,alpaca:corporate-actions:name_change,2026-09-28T02:59:35Z
SPAQ,FSR,2020-11-09,alpaca:corporate-actions:name_change,2026-09-28T02:59:35Z
TRWH,BALY,2020-11-09,alpaca:corporate-actions:name_change,2026-09-28T02:59:35Z
FMCIW,TTCFW,2020-11-11,alpaca:corporate-actions:name_change,2026-09-28T02:59:35Z
NFIN,TRIT,2020-11-11,alpaca:corporate-actions:name_change,2026-09-28T02:59:35Z
NFINW,TRITW,2020-11-11,alpaca:corporate-actions:name_change,2026-09-28T02:59:35Z
NWGI,ELYS,2020-11-11,alpaca:corporate-actions:name_change,2026-09-28T02:59:35Z
SHLL-WS,HYLN-WS,2020-11-13,alpaca:corporate-actions:name_change,2026-09-28T02:59:35Z
AXGT,SIOX,2020-11-16,alpaca:corporate-actions:name_change,2026-09-28T02:59:35Z
HEBT,NISN,2020-11-16,alpaca:corporate-actions:name_change,2026-09-28T02:59:35Z
BMRG,EOSE,2020-11-17,alpaca:corporate-actions:name_change,2026-09-28T02:59:35Z
BMRG-WS,EOSEW,2020-11-17,alpaca:corporate-actions:name_change,2026-09-28T02:59:35Z
HCCO,TLMD,2020-11-17,alpaca:corporate-actions:name_change,2026-09-28T02:59:35Z
LGL-WSWI,LGL-WS,2020-11-17,alpaca:corporate-actions:name_change,2026-09-28T02:59:35Z
VTRSV,VTRS,2020-11-17,alpaca:corporate-actions:name_change,2026-09-28T02:59:35Z
CFFA,GCMG,2020-11-18,alpaca:corporate-actions:name_change,2026-09-28T02:59:35Z
CFFAW,GCMGW,2020-11-18,alpaca:corporate-actions:name_change,2026-09-28T02:59:35Z
FVAC,MP,2020-11-18,alpaca:corporate-actions:name_change,2026-09-28T02:59:35Z
ORSN,UK,2020-11-18,alpaca:corporate-actions:name_change,2026-09-28T02:59:35Z
ORSNW,UKOMW,2020-11-18,alpaca:corporate-actions:name_change,2026-09-28T02:59:35Z
MYOS,MDVL,2020-11-19,alpaca:corporate-actions:name_change,2026-09-28T02:59:35Z
RTRX,TVTX,2020-11-19,alpaca:corporate-actions:name_change,2026-09-28T02:59:35Z
DPHCW,RIDEW,2020-11-23,alpaca:corporate-actions:name_change,2026-09-28T02:59:35Z
EDNT,BBIG,2020-11-24,alpaca:corporate-actions:name_change,2026-09-28T02:59:35Z
SBPH,FSTX,2020-11-24,alpaca:corporate-actions:name_change,2026-09-28T02:59:35Z
VIV,VIV-WI,2020-11-24,alpaca:corporate-actions:name_change,2026-09-28T02:59:35Z
KCAC,QS,2020-11-27,alpaca:corporate-actions:name_change,2026-09-28T02:59:35Z
LGC,ID,2020-11-30,alpaca:corporate-actions:name_change,2026-09-28T02:59:35Z
VIV-WI,VIV,2020-11-30,alpaca:corporate-actions:name_change,2026-09-28T02:59:35Z
AAN-WI,AAN,2020-12-01,alpaca:corporate-actions:name_change,2026-09-28T02:59:35Z
CNXCV,CNXC,2020-12-01,alpaca:corporate-actions:name_change,2026-09-28T02:59:35Z
PRG-WI,PRG,2020-12-01,alpaca:corporate-actions:name_change,2026-09-28T02:59:35Z
WRTC,WRAP,2020-12-01,alpaca:corporate-actions:name_change,2026-09-28T02:59:35Z
AAN-WI,AAN,2020-12-03,alpaca:corporate-actions:name_change,2026-09-28T02:59:35Z
FVAC-WS,MP-WS,2020-12-03,alpaca:corporate-actions:name_change,2026-09-28T02:59:35Z
GMHI,LAZR,2020-12-03,alpaca:corporate-actions:name_change,2026-09-28T02:59:35Z
HCCOW,TLMDW,2020-12-03,alpaca:corporate-actions:name_change,2026-09-28T02:59:35Z
SNBP,PBLA,2020-12-03,alpaca:corporate-actions:name_change,2026-09-28T02:59:35Z
ARYBW,CEREW,2020-12-04,alpaca:corporate-actions:name_change,2026-09-28T02:59:35Z
TRNE,DM,2020-12-10,alpaca:corporate-actions:name_change,2026-09-28T02:59:35Z
SPAQ-WS,FSR-WS,2020-12-11,alpaca:corporate-actions:name_change,2026-09-28T02:59:35Z
AIRC-WI,AIRC,2020-12-15,alpaca:corporate-actions:name_change,2026-09-28T02:59:35Z
TZAC,RVPH,2020-12-15,alpaca:corporate-actions:name_change,2026-09-28T02:59:35Z
TZACW,RVPHW,2020-12-15,alpaca:corporate-actions:name_change,2026-09-28T02:59:35Z
FEAC,SKLZ,2020-12-17,alpaca:corporate-actions:name_change,2026-09-28T02:59:35Z
FEAC-WS,SKLZ-WS,2020-12-17,alpaca:corporate-actions:name_change,2026-09-28T02:59:35Z
KCAC-WS,QS-WS,2020-12-17,alpaca:corporate-actions:name_change,2026-09-28T02:59:35Z
OPES,BFI,2020-12-17,alpaca:corporate-actions:name_change,2026-09-28T02:59:35Z
OPESW,BFIIW,2020-12-17,alpaca:corporate-actions:name_change,2026-09-28T02:59:35Z
PIH,FGF,2020-12-17,alpaca:corporate-actions:name_change,2026-09-28T02:59:35Z
PIHPP,FGFPP,2020-12-17,alpaca:corporate-actions:name_change,2026-09-28T02:59:35Z
GRAM,AENZ,2020-12-18,alpaca:corporate-actions:name_change,2026-09-28T02:59:35Z
GLIBP,LBRDP,2020-12-21,alpaca:corporate-actions:name_change,2026-09-28T02:59:35Z
IPOB,OPEN,2020-12-21,alpaca:corporate-actions:name_change,2026-09-28T02:59:35Z
IRET,CSR,2020-12-21,alpaca:corporate-actions:name_change,2026-09-28T02:59:35Z
IRET-PRC,CSR-PRC,2020-12-22,alpaca:corporate-actions:name_change,2026-09-28T02:59:35Z
KTOV,PPBT,2020-12-22,alpaca:corporate-actions:name_change,2026-09-28T02:59:35Z
HCACW,GOEVW,2020-12-23,alpaca:corporate-actions:name_change,2026-09-28T02:59:35Z
HYAC,ARKO,2020-12-23,alpaca:corporate-actions:name_change,2026-09-28T02:59:35Z
HYACW,ARKOW,2020-12-23,alpaca:corporate-actions:name_change,2026-09-28T02:59:35Z
MNCL,ASLE,2020-12-23,alpaca:corporate-actions:name_change,2026-09-28T02:59:35Z
LSAC,VINC,2020-12-24,alpaca:corporate-actions:name_change,2026-09-28T02:59:35Z
PIC,XL,2020-12-24,alpaca:corporate-actions:name_change,2026-09-28T02:59:35Z
PTAC,PRCH,2020-12-24,alpaca:corporate-actions:name_change,2026-09-28T02:59:35Z
PTI,YMTX,2020-12-24,alpaca:corporate-actions:name_change,2026-09-28T02:59:35Z
HCFT,LFT,2020-12-28,alpaca:corporate-actions:name_change,2026-09-28T02:59:35Z
GEC,GEG,2020-12-29,alpaca:corporate-actions:name_change,2026-09-28T02:59:35Z
DMYT,RSI,2020-12-30,alpaca:corporate-actions:name_change,2026-09-28T02:59:35Z
LOAK,DNMR,2020-12-30,alpaca:corporate-actions:name_change,2026-09-28T02:59:35Z
MNCLW,ASLEW,2020-12-30,alpaca:corporate-actions:name_change,2026-09-28T02:59:35Z
AMRH,ENVB,2020-12-31,alpaca:corporate-actions:name_change,2026-09-28T02:59:35Z
IPOB-WS,OPENW,2020-12-31,alpaca:corporate-actions:name_change,2026-09-28T02:59:35Z
TOTA,CLNN,2020-12-31,alpaca:corporate-actions:name_change,2026-09-28T02:59:35Z
TOTAW,CLNNW,2020-12-31,alpaca:corporate-actions:name_change,2026-09-28T02:59:35Z
DMYT-WS,RSI-WS,2021-01-04,alpaca:corporate-actions:name_change,2026-09-28T02:59:35Z
DRAD,STRR,2021-01-04,alpaca:corporate-actions:name_change,2026-09-28T02:59:35Z
DRADP,STRRP,2021-01-04,alpaca:corporate-actions:name_change,2026-09-28T02:59:35Z
HCAC,GOEV,2021-01-04,alpaca:corporate-actions:name_change,2026-09-28T02:59:35Z
LOAK-WS,DNMR-WS,2021-01-04,alpaca:corporate-actions:name_change,2026-09-28T02:59:35Z
MCC,PFX,2021-01-04,alpaca:corporate-actions:name_change,2026-09-28T02:59:35Z
GRIF,INDT,2021-01-05,alpaca:corporate-actions:name_change,2026-09-28T02:59:35Z
NVUS,ELDN,2021-01-05,alpaca:corporate-actions:name_change,2026-09-28T02:59:35Z
RMG,RMO,2021-01-05,alpaca:corporate-actions:name_change,2026-09-28T02:59:35Z
RMG-WS,RMO-WS,2021-01-05,alpaca:corporate-actions:name_change,2026-09-28T02:59:35Z
GMHIW,LAZRW,2021-01-06,alpaca:corporate-actions:name_change,2026-09-28T02:59:35Z
LCA,GNOG,2021-01-06,alpaca:corporate-actions:name_change,2026-09-28T02:59:35Z
MCV,PFXNL,2021-01-06,alpaca:corporate-actions:name_change,2026-09-28T02:59:35Z
MFAC,BMTX,2021-01-06,alpaca:corporate-actions:name_change,2026-09-28T02:59:35Z
PTACW,PRCHW,2021-01-06,alpaca:corporate-actions:name_change,2026-09-28T02:59:35Z
MFAC-WS,BMTX-WS,2021-01-07,alpaca:corporate-actions:name_change,2026-09-28T02:59:35Z
PRSC,MODV,2021-01-07,alpaca:corporate-actions:name_change,2026-09-28T02:59:35Z
IPOC,CLOV,2021-01-08,alpaca:corporate-actions:name_change,2026-09-28T02:59:35Z
LFAC,LSEA,2021-01-08,alpaca:corporate-actions:name_change,2026-09-28T02:59:35Z
LFACW,LSEAW,2021-01-08,alpaca:corporate-actions:name_change,2026-09-28T02:59:35Z
SWBK-U,EPWR-U,2021-01-08,alpaca:corporate-actions:name_change,2026-09-28T02:59:35Z
LSACU,VINCU,2021-01-11,alpaca:corporate-actions:name_change,2026-09-28T02:59:35Z
LSACW,VINCW,2021-01-11,alpaca:corporate-actions:name_change,2026-09-28T02:59:35Z
SMMCW,BTRSW,2021-01-14,alpaca:corporate-actions:name_change,2026-09-28T02:59:35Z
CLAS-U,CLA-U,2021-01-15,alpaca:corporate-actions:name_change,2026-09-28T02:59:35Z
TRNE-WS,DM-WS,2021-01-15,alpaca:corporate-actions:name_change,2026-09-28T02:59:35Z
FCAU,STLA,2021-01-19,alpaca:corporate-actions:name_change,2026-09-28T02:59:35Z
PIC-WS,XL-WS,2021-01-19,alpaca:corporate-actions:name_change,2026-09-28T02:59:35Z
MGEN,VRDN,2021-01-20,alpaca:corporate-actions:name_change,2026-09-28T02:59:35Z
CFBI,AFBI,2021-01-21,alpaca:corporate-actions:name_change,2026-09-28T02:59:35Z
OAC,HIMS,2021-01-21,alpaca:corporate-actions:name_change,2026-09-28T02:59:35Z
GHIV,UWMC,2021-01-22,alpaca:corporate-actions:name_change,2026-09-28T02:59:35Z
AAXN,AXON,2021-01-26,alpaca:corporate-actions:name_change,2026-09-28T02:59:35Z
IPOC-WS,CLOVW,2021-01-26,alpaca:corporate-actions:name_change,2026-09-28T02:59:35Z
GHIVW,UWMC-WS,2021-01-27,alpaca:corporate-actions:name_change,2026-09-28T02:59:35Z
SMMC,BTRS,2021-01-27,alpaca:corporate-actions:name_change,2026-09-28T02:59:35Z
ACAM,LOTZ,2021-01-28,alpaca:corporate-actions:name_change,2026-09-28T02:59:35Z
BDGE,DCOM,2021-02-01,alpaca:corporate-actions:name_change,2026-09-28T02:59:35Z
CCC,CLVT,2021-02-01,alpaca:corporate-actions:name_change,2026-09-28T02:59:35Z
PEIX,ALTO,2021-02-01,alpaca:corporate-actions:name_change,2026-09-28T02:59:35Z
YLCO,RNRG,2021-02-01,alpaca:corporate-actions:name_change,2026-09-28T02:59:35Z
CGNTV,CGNT,2021-02-02,alpaca:corporate-actions:name_change,2026-09-28T02:59:35Z
NOVSW,APPHW,2021-02-02,alpaca:corporate-actions:name_change,2026-09-28T02:59:35Z
PECK,ISUN,2021-02-02,alpaca:corporate-actions:name_change,2026-09-28T02:59:35Z
NOVS,APPH,2021-02-03,alpaca:corporate-actions:name_change,2026-09-28T02:59:35Z
CTRA,AMR,2021-02-04,alpaca:corporate-actions:name_change,2026-09-28T02:59:35Z
AMCI,ADN,2021-02-05,alpaca:corporate-actions:name_change,2026-09-28T02:59:35Z
AMCIW,ADNWW,2021-02-05,alpaca:corporate-actions:name_change,2026-09-28T02:59:35Z
HFEN,AEI,2021-02-05,alpaca:corporate-actions:name_change,2026-09-28T02:59:35Z
LCAHW,GNOGW,2021-02-05,alpaca:corporate-actions:name_change,2026-09-28T02:59:35Z
PCPL,ETWO,2021-02-05,alpaca:corporate-actions:name_change,2026-09-28T02:59:35Z
PCPL-WS,ETWO-WS,2021-02-08,alpaca:corporate-actions:name_change,2026-09-28T02:59:35Z
MCAC,PLBY,2021-02-11,alpaca:corporate-actions:name_change,2026-09-28T02:59:35Z
PANA,NUVB,2021-02-11,alpaca:corporate-actions:name_change,2026-09-28T02:59:35Z
YRCW,YELL,2021-02-11,alpaca:corporate-actions:name_change,2026-09-28T02:59:35Z
INAQ,MILE,2021-02-16,alpaca:corporate-actions:name_change,2026-09-28T02:59:35Z
LGVW,BFLY,2021-02-16,alpaca:corporate-actions:name_change,2026-09-28T02:59:35Z
WYND,TNL,2021-02-17,alpaca:corporate-actions:name_change,2026-09-28T02:59:35Z
XAN,ACR,2021-02-17,alpaca:corporate-actions:name_change,2026-09-28T02:59:35Z
INAQW,MILEW,2021-02-18,alpaca:corporate-actions:name_change,2026-09-28T02:59:35Z
FSDC,GMTX,2021-02-19,alpaca:corporate-actions:name_change,2026-09-28T02:59:35Z
HMI,ZEPP,2021-02-25,alpaca:corporate-actions:name_change,2026-09-28T02:59:35Z
OAC-WS,HIMS-WS,2021-02-26,alpaca:corporate-actions:name_change,2026-09-28T02:59:35Z
SNSS,VIRX,2021-02-26,alpaca:corporate-actions:name_change,2026-09-28T02:59:35Z
CVLB,LFMD,2021-03-01,alpaca:corporate-actions:name_change,2026-09-28T02:59:35Z
PANA-WS,NUVB-WS,2021-03-01,alpaca:corporate-actions:name_change,2026-09-28T02:59:35Z
SALT,NETI,2021-03-01,alpaca:corporate-actions:name_change,2026-09-28T02:59:35Z
SBE,CHPT,2021-03-01,alpaca:corporate-actions:name_change,2026-09-28T02:59:35Z
TGC,REPX,2021-03-01,alpaca:corporate-actions:name_change,2026-09-28T02:59:35Z
TPRE,SPNT,2021-03-01,alpaca:corporate-actions:name_change,2026-09-28T02:59:35Z
ACAMW,LOTZW,2021-03-05,alpaca:corporate-actions:name_change,2026-09-28T02:59:35Z
ARKIU,KURIU,2021-03-08,alpaca:corporate-actions:name_change,2026-09-28T02:59:35Z
ASAI-WI,ASAI,2021-03-08,alpaca:corporate-actions:name_change,2026-09-28T02:59:35Z
LGVW-WS,BFLY-WS,2021-03-10,alpaca:corporate-actions:name_change,2026-09-28T02:59:35Z
NK,IBRX,2021-03-10,alpaca:corporate-actions:name_change,2026-09-28T02:59:35Z
CFII,VIEW,2021-03-11,alpaca:corporate-actions:name_change,2026-09-28T02:59:35Z
CSAN-WI,CSAN,2021-03-11,alpaca:corporate-actions:name_change,2026-09-28T02:59:35Z
CLA,OUST,2021-03-12,alpaca:corporate-actions:name_change,2026-09-28T02:59:35Z
TRXC,ASXC,2021-03-12,alpaca:corporate-actions:name_change,2026-09-28T02:59:35Z
IPV,AEVA,2021-03-15,alpaca:corporate-actions:name_change,2026-09-28T02:59:35Z
PICO,VWTR,2021-03-15,alpaca:corporate-actions:name_change,2026-09-28T02:59:35Z
SOVB,FAIL,2021-03-15,alpaca:corporate-actions:name_change,2026-09-28T02:59:35Z
GUT-RTWI,GUT-RT,2021-03-16,alpaca:corporate-actions:name_change,2026-09-28T02:59:35Z
ANCN,CMMB,2021-03-17,alpaca:corporate-actions:name_change,2026-09-28T02:59:35Z
ROCH,PCT,2021-03-18,alpaca:corporate-actions:name_change,2026-09-28T02:59:35Z
ROCHU,PCTTU,2021-03-18,alpaca:corporate-actions:name_change,2026-09-28T02:59:35Z
ROCHW,PCTTW,2021-03-18,alpaca:corporate-actions:name_change,2026-09-28T02:59:35Z
BASI,NOTV,2021-03-22,alpaca:corporate-actions:name_change,2026-09-28T02:59:35Z
JKD,ILCB,2021-03-22,alpaca:corporate-actions:name_change,2026-09-28T02:59:35Z
JKE,ILCG,2021-03-22,alpaca:corporate-actions:name_change,2026-09-28T02:59:35Z
JKF,ILCV,2021-03-22,alpaca:corporate-actions:name_change,2026-09-28T02:59:35Z
JKG,IMCB,2021-03-22,alpaca:corporate-actions:name_change,2026-09-28T02:59:35Z
JKH,IMCG,2021-03-22,alpaca:corporate-actions:name_change,2026-09-28T02:59:35Z
JKI,IMCV,2021-03-22,alpaca:corporate-actions:name_change,2026-09-28T02:59:35Z
JKJ,ISCB,2021-03-22,alpaca:corporate-actions:name_change,2026-09-28T02:59:35Z
JKK,ISCG,2021-03-22,alpaca:corporate-actions:name_change,2026-09-28T02:59:35Z
JKL,ISCV,2021-03-22,alpaca:corporate-actions:name_change,2026-09-28T02:59:35Z
NBAC,NVVE,2021-03-23,alpaca:corporate-actions:name_change,2026-09-28T02:59:35Z
NBACW,NVVEW,2021-03-23,alpaca:corporate-actions:name_change,2026-09-28T02:59:35Z
XAN-PRC,ACR-PRC,2021-03-23,alpaca:corporate-actions:name_change,2026-09-28T02:59:35Z
ANH-PRA,RC-PRB,2021-03-24,alpaca:corporate-actions:name_change,2026-09-28T02:59:35Z
ANH-PRB,RC-PRC,2021-03-24,alpaca:corporate-actions:name_change,2026-09-28T02:59:35Z
ANH-PRC,RC-PRD,2021-03-24,alpaca:corporate-actions:name_change,2026-09-28T02:59:35Z
PZD,ERTH,2021-03-25,alpaca:corporate-actions:name_change,2026-09-28T02:59:35Z
NTN,BTX,2021-03-29,alpaca:corporate-actions:name_change,2026-09-28T02:59:35Z
BFT,PSFE,2021-03-31,alpaca:corporate-actions:name_change,2026-09-28T02:59:35Z
SONA,FRST,2021-03-31,alpaca:corporate-actions:name_change,2026-09-28T02:59:35Z
LNGR,AGNG,2021-04-01,alpaca:corporate-actions:name_change,2026-09-28T02:59:35Z
SNE,SONY,2021-04-01,alpaca:corporate-actions:name_change,2026-09-28T02:59:35Z
SQM-RTWI,SQM-RT,2021-04-01,alpaca:corporate-actions:name_change,2026-09-28T02:59:35Z
CGIX,VYNT,2021-04-05,alpaca:corporate-actions:name_change,2026-09-28T02:59:35Z
CIIC,ARVL,2021-04-05,alpaca:corporate-actions:name_change,2026-09-28T02:59:35Z
NSCO,CTOS,2021-04-05,alpaca:corporate-actions:name_change,2026-09-28T02:59:35Z
RPLA,FOA,2021-04-05,alpaca:corporate-actions:name_change,2026-09-28T02:59:35Z
BFT-WS,PSFE-WS,2021-04-06,alpaca:corporate-actions:name_change,2026-09-28T02:59:35Z
CGRO,INVZ,2021-04-06,alpaca:corporate-actions:name_change,2026-09-28T02:59:35Z
CGROW,INVZW,2021-04-06,alpaca:corporate-actions:name_change,2026-09-28T02:59:35Z
CIICW,ARVLW,2021-04-06,alpaca:corporate-actions:name_change,2026-09-28T02:59:35Z
ETP-PRC,ET-PRC,2021-04-06,alpaca:corporate-actions:name_change,2026-09-28T02:59:35Z
ETP-PRD,ET-PRD,2021-04-06,alpaca:corporate-actions:name_change,2026-09-28T02:59:35Z
ETP-PRE,ET-PRE,2021-04-06,alpaca:corporate-actions:name_change,2026-09-28T02:59:35Z
SBE-WS,CHPT-WS,2021-04-09,alpaca:corporate-actions:name_change,2026-09-28T02:59:35Z
NPA,ASTS,2021-04-14,alpaca:corporate-actions:name_change,2026-09-28T02:59:35Z
NPAWW,ASTSW,2021-04-14,alpaca:corporate-actions:name_change,2026-09-28T02:59:35Z
CFIIW,VIEWW,2021-04-16,alpaca:corporate-actions:name_change,2026-09-28T02:59:35Z
PIFI,BTC,2021-04-16,alpaca:corporate-actions:name_change,2026-09-28T02:59:35Z
USAT,CTLP,2021-04-19,alpaca:corporate-actions:name_change,2026-09-28T02:59:35Z
WBAI,BTCM,2021-04-20,alpaca:corporate-actions:name_change,2026-09-28T02:59:35Z
AKER,MYMD,2021-04-21,alpaca:corporate-actions:name_change,2026-09-28T02:59:35Z
DMYD,GENI,2021-04-21,alpaca:corporate-actions:name_change,2026-09-28T02:59:35Z
CPST,CGRN,2021-04-22,alpaca:corporate-actions:name_change,2026-09-28T02:59:35Z
CLA-WS,OUST-WS,2021-04-23,alpaca:corporate-actions:name_change,2026-09-28T02:59:35Z
IPV-WS,AEVA-WS,2021-04-23,alpaca:corporate-actions:name_change,2026-09-28T02:59:35Z
CHFS,NUWE,2021-04-27,alpaca:corporate-actions:name_change,2026-09-28T02:59:35Z
DMYD-WS,GENI-WS,2021-04-27,alpaca:corporate-actions:name_change,2026-09-28T02:59:35Z
SNCA,PALI,2021-04-28,alpaca:corporate-actions:name_change,2026-09-28T02:59:35Z
RPLA-WS,FOA-WS,2021-04-29,alpaca:corporate-actions:name_change,2026-09-28T02:59:35Z
STPK,STEM,2021-04-29,alpaca:corporate-actions:name_change,2026-09-28T02:59:35Z
MWK,ATER,2021-04-30,alpaca:corporate-actions:name_change,2026-09-28T02:59:35Z
GSX,GOTU,2021-05-06,alpaca:corporate-actions:name_change,2026-09-28T02:59:35Z
VSPR,SKIN,2021-05-06,alpaca:corporate-actions:name_change,2026-09-28T02:59:35Z
NGA,LEV,2021-05-07,alpaca:corporate-actions:name_change,2026-09-28T02:59:35Z
EXPC,BLDE,2021-05-10,alpaca:corporate-actions:name_change,2026-09-28T02:59:35Z
EXPCW,BLDEW,2021-05-10,alpaca:corporate-actions:name_change,2026-09-28T02:59:35Z
BTC,PIFI,2021-05-11,alpaca:corporate-actions:name_change,2026-09-28T02:59:35Z
ETM,AUD,2021-05-11,alpaca:corporate-actions:name_change,2026-09-28T02:59:35Z
NSCO-WS,CTOS-WS,2021-05-14,alpaca:corporate-actions:name_change,2026-09-28T02:59:35Z
NGA-WS,LEV-WS,2021-05-19,alpaca:corporate-actions:name_change,2026-09-28T02:59:35Z
ATAC,OWL,2021-05-20,alpaca:corporate-actions:name_change,2026-09-28T02:59:35Z
LLIT,NEGG,2021-05-20,alpaca:corporate-actions:name_change,2026-09-28T02:59:35Z
ACP-RTWI,ACP-RT,2021-05-24,alpaca:corporate-actions:name_change,2026-09-28T02:59:35Z
GIK,ZEV,2021-05-24,alpaca:corporate-actions:name_change,2026-09-28T02:59:35Z
PLT,POLY,2021-05-24,alpaca:corporate-actions:name_change,2026-09-28T02:59:35Z
RVRS,YPS,2021-05-25,alpaca:corporate-actions:name_change,2026-09-28T02:59:35Z
VMEOV,VMEO,2021-05-25,alpaca:corporate-actions:name_change,2026-09-28T02:59:35Z
BRPA,NRXP,2021-05-26,alpaca:corporate-actions:name_change,2026-09-28T02:59:35Z
VSPRW,SKINW,2021-05-26,alpaca:corporate-actions:name_change,2026-09-28T02:59:35Z
GLO-RTWI,GLO-RT,2021-05-28,alpaca:corporate-actions:name_change,2026-09-28T02:59:35Z
GLQ-RTWI,GLQ-RT,2021-05-28,alpaca:corporate-actions:name_change,2026-09-28T02:59:35Z
GLV-RTWI,GLV-RT,2021-05-28,alpaca:corporate-actions:name_change,2026-09-28T02:59:35Z
IPOE,SOFI,2021-06-01,alpaca:corporate-actions:name_change,2026-09-28T02:59:35Z
STIC,BARK,2021-06-02,alpaca:corporate-actions:name_change,2026-09-28T02:59:35Z
IPOE-WS,SOFIW,2021-06-03,alpaca:corporate-actions:name_change,2026-09-28T02:59:35Z
OGN-WI,OGN,2021-06-03,alpaca:corporate-actions:name_change,2026-09-28T02:59:35Z
KCNY,KBND,2021-06-04,alpaca:corporate-actions:name_change,2026-09-28T02:59:35Z
STPK-WS,STEM-WS,2021-06-04,alpaca:corporate-actions:name_change,2026-09-28T02:59:35Z
GAB-RTWI,GAB-RT,2021-06-07,alpaca:corporate-actions:name_change,2026-09-28T02:59:35Z
PPR,BRW,2021-06-07,alpaca:corporate-actions:name_change,2026-09-28T02:59:35Z
JIH,JBI,2021-06-08,alpaca:corporate-actions:name_change,2026-09-28T02:59:35Z
NSPR-WS,NSPRW,2021-06-08,alpaca:corporate-actions:name_change,2026-09-28T02:59:35Z
NSPR-WSB,NSPRZ,2021-06-08,alpaca:corporate-actions:name_change,2026-09-28T02:59:35Z
BSPE,VWE,2021-06-09,alpaca:corporate-actions:name_change,2026-09-28T02:59:35Z
DFHT,CMAX,2021-06-09,alpaca:corporate-actions:name_change,2026-09-28T02:59:35Z
DFHTW,CMAXW,2021-06-09,alpaca:corporate-actions:name_change,2026-09-28T02:59:35Z
ARYA,NAUT,2021-06-10,alpaca:corporate-actions:name_change,2026-09-28T02:59:35Z
FSRV,KPLT,2021-06-10,alpaca:corporate-actions:name_change,2026-09-28T02:59:35Z
FSRVW,KPLTW,2021-06-10,alpaca:corporate-actions:name_change,2026-09-28T02:59:35Z
TSIA,LTCH,2021-06-10,alpaca:corporate-actions:name_change,2026-09-28T02:59:35Z
CAPA,QSI,2021-06-11,alpaca:corporate-actions:name_change,2026-09-28T02:59:35Z
CAPAW,QSIAW,2021-06-11,alpaca:corporate-actions:name_change,2026-09-28T02:59:35Z
THBR,INDI,2021-06-11,alpaca:corporate-actions:name_change,2026-09-28T02:59:35Z
TOT,TTE,2021-06-11,alpaca:corporate-actions:name_change,2026-09-28T02:59:35Z
CCX,SKIL,2021-06-14,alpaca:corporate-actions:name_change,2026-09-28T02:59:35Z
JWS,CANO,2021-06-14,alpaca:corporate-actions:name_change,2026-09-28T02:59:35Z
JWS-WS,CANO-WS,2021-06-15,alpaca:corporate-actions:name_change,2026-09-28T02:59:35Z
TSIAW,LTCHW,2021-06-15,alpaca:corporate-actions:name_change,2026-09-28T02:59:35Z
GIX,UPH,2021-06-16,alpaca:corporate-actions:name_change,2026-09-28T02:59:35Z
OBLN,RSLS,2021-06-16,alpaca:corporate-actions:name_change,2026-09-28T02:59:35Z
SSPK,MAPS,2021-06-16,alpaca:corporate-actions:name_change,2026-09-28T02:59:35Z
SSPKW,MAPSW,2021-06-16,alpaca:corporate-actions:name_change,2026-09-28T02:59:35Z
BRPAW,NRXPW,2021-06-17,alpaca:corporate-actions:name_change,2026-09-28T02:59:35Z
FAII,ATIP,2021-06-17,alpaca:corporate-actions:name_change,2026-09-28T02:59:35Z
THBRW,INDIW,2021-06-17,alpaca:corporate-actions:name_change,2026-09-28T02:59:35Z
GIK-WS,ZEV-WS,2021-06-18,alpaca:corporate-actions:name_change,2026-09-28T02:59:35Z
ACTC,PTRA,2021-06-21,alpaca:corporate-actions:name_change,2026-09-28T02:59:35Z
ATAC-WS,OWL-WS,2021-06-21,alpaca:corporate-actions:name_change,2026-09-28T02:59:35Z
FAII-WS,ATIP-WS,2021-06-21,alpaca:corporate-actions:name_change,2026-09-28T02:59:35Z
SYX,GIC,2021-06-21,alpaca:corporate-actions:name_change,2026-09-28T02:59:35Z
ACAC,MYPS,2021-06-22,alpaca:corporate-actions:name_change,2026-09-28T02:59:35Z
ACACW,MYPSW,2021-06-22,alpaca:corporate-actions:name_change,2026-09-28T02:59:35Z
BST-RTWI,BST-RT,2021-06-22,alpaca:corporate-actions:name_change,2026-09-28T02:59:35Z
CLNY,DBRG,2021-06-22,alpaca:corporate-actions:name_change,2026-09-28T02:59:35Z
VGAC,ME,2021-06-22,alpaca:corporate-actions:name_change,2026-09-28T02:59:35Z
CLNY-PRJ,DBRG-PRJ,2021-06-23,alpaca:corporate-actions:name_change,2026-09-28T02:59:35Z
JIH-WS,JBI-WS,2021-06-23,alpaca:corporate-actions:name_change,2026-09-28T02:59:35Z
AACQ,ORGN,2021-06-25,alpaca:corporate-actions:name_change,2026-09-28T02:59:35Z
AACQW,ORGNW,2021-06-25,alpaca:corporate-actions:name_change,2026-09-28T02:59:35Z
CLNC,BRSP,2021-06-25,alpaca:corporate-actions:name_change,2026-09-28T02:59:35Z
CLNY-PRH,DBRG-PRH,2021-06-28,alpaca:corporate-actions:name_change,2026-09-28T02:59:35Z
FTOC,PAYO,2021-06-28,alpaca:corporate-actions:name_change,2026-09-28T02:59:35Z
MLND,TPST,2021-06-28,alpaca:corporate-actions:name_change,2026-09-28T02:59:35Z
VGAC-WS,MEUSW,2021-06-28,alpaca:corporate-actions:name_change,2026-09-28T02:59:35Z
AHC,DALN,2021-06-29,alpaca:corporate-actions:name_change,2026-09-28T02:59:35Z
FIII,ELMS,2021-06-29,alpaca:corporate-actions:name_change,2026-09-28T02:59:35Z
FIIIW,ELMSW,2021-06-29,alpaca:corporate-actions:name_change,2026-09-28T02:59:35Z
HEC,TALK,2021-06-29,alpaca:corporate-actions:name_change,2026-09-28T02:59:35Z
HECCW,TALKW,2021-06-29,alpaca:corporate-actions:name_change,2026-09-28T02:59:35Z
STIC-WS,BARK-WS,2021-06-29,alpaca:corporate-actions:name_change,2026-09-28T02:59:35Z
IACA,TBLA,2021-06-30,alpaca:corporate-actions:name_change,2026-09-28T02:59:35Z
IACA-WS,TBLAW,2021-06-30,alpaca:corporate-actions:name_change,2026-09-28T02:59:35Z
DTM-WI,DTM,2021-07-01,alpaca:corporate-actions:name_change,2026-09-28T02:59:35Z
APXT,AVPT,2021-07-02,alpaca:corporate-actions:name_change,2026-09-28T02:59:35Z
APXTW,AVPTW,2021-07-02,alpaca:corporate-actions:name_change,2026-09-28T02:59:35Z
CLII,EVGO,2021-07-02,alpaca:corporate-actions:name_change,2026-09-28T02:59:35Z
CLII-WS,EVGOW,2021-07-02,alpaca:corporate-actions:name_change,2026-09-28T02:59:35Z
CPTA,LRFC,2021-07-02,alpaca:corporate-actions:name_change,2026-09-28T02:59:35Z
TRCH,MMAT,2021-07-06,alpaca:corporate-actions:name_change,2026-09-28T02:59:35Z
WPF,ALIT,2021-07-06,alpaca:corporate-actions:name_change,2026-09-28T02:59:35Z
FTOCW,PAYOW,2021-07-07,alpaca:corporate-actions:name_change,2026-09-28T02:59:35Z
ALUS,FREY,2021-07-08,alpaca:corporate-actions:name_change,2026-09-28T02:59:35Z
WPF-WS,ALIT-WS,2021-07-08,alpaca:corporate-actions:name_change,2026-09-28T02:59:35Z
FTIV,PWP,2021-07-12,alpaca:corporate-actions:name_change,2026-09-28T02:59:35Z
FTIVW,PWPPW,2021-07-12,alpaca:corporate-actions:name_change,2026-09-28T02:59:35Z
TBA,IS,2021-07-12,alpaca:corporate-actions:name_change,2026-09-28T02:59:35Z
ASPL,UP,2021-07-14,alpaca:corporate-actions:name_change,2026-09-28T02:59:35Z
MKGI,NXTP,2021-07-14,alpaca:corporate-actions:name_change,2026-09-28T02:59:35Z
AONE,MKFG,2021-07-15,alpaca:corporate-actions:name_change,2026-09-28T02:59:35Z
LCY,HLMN,2021-07-15,alpaca:corporate-actions:name_change,2026-09-28T02:59:35Z
RSVA,ENVX,2021-07-15,alpaca:corporate-actions:name_change,2026-09-28T02:59:35Z
GGT-RTWI,GGT-RT,2021-07-16,alpaca:corporate-actions:name_change,2026-09-28T02:59:35Z
GIX-WS,UPH-WS,2021-07-16,alpaca:corporate-actions:name_change,2026-09-28T02:59:35Z
SBG,OWLT,2021-07-16,alpaca:corporate-actions:name_change,2026-09-28T02:59:35Z
CRSA,LVOX,2021-07-19,alpaca:corporate-actions:name_change,2026-09-28T02:59:35Z
EMPW,HLLY,2021-07-19,alpaca:corporate-actions:name_change,2026-09-28T02:59:35Z
GXGX,CELU,2021-07-19,alpaca:corporate-actions:name_change,2026-09-28T02:59:35Z
GXGXW,CELUW,2021-07-19,alpaca:corporate-actions:name_change,2026-09-28T02:59:35Z
NHIC,EVLV,2021-07-19,alpaca:corporate-actions:name_change,2026-09-28T02:59:35Z
NHICW,EVLVW,2021-07-19,alpaca:corporate-actions:name_change,2026-09-28T02:59:35Z
MYT,BTB,2021-07-20,alpaca:corporate-actions:name_change,2026-09-28T02:59:35Z
NABL-WI,NABL,2021-07-20,alpaca:corporate-actions:name_change,2026-09-28T02:59:35Z
SPRQ,SUNL,2021-07-20,alpaca:corporate-actions:name_change,2026-09-28T02:59:35Z
ANDA,SNAX,2021-07-21,alpaca:corporate-actions:name_change,2026-09-28T02:59:35Z
ANDAW,SNAXW,2021-07-21,alpaca:corporate-actions:name_change,2026-09-28T02:59:35Z
FCAC,SHCR,2021-07-21,alpaca:corporate-actions:name_change,2026-09-28T02:59:35Z
FGNA,OPFI,2021-07-21,alpaca:corporate-actions:name_change,2026-09-28T02:59:35Z
ACND,MKTW,2021-07-22,alpaca:corporate-actions:name_change,2026-09-28T02:59:35Z
ISNS,AATC,2021-07-22,alpaca:corporate-actions:name_change,2026-09-28T02:59:35Z
ACTCW,PTRAW,2021-07-23,alpaca:corporate-actions:name_change,2026-09-28T02:59:35Z
CCX-WS,SKIL-WS,2021-07-23,alpaca:corporate-actions:name_change,2026-09-28T02:59:35Z
GHVI,MTTR,2021-07-23,alpaca:corporate-actions:name_change,2026-09-28T02:59:35Z
CCIV,LCID,2021-07-26,alpaca:corporate-actions:name_change,2026-09-28T02:59:35Z
CMLF,SMFR,2021-07-26,alpaca:corporate-actions:name_change,2026-09-28T02:59:35Z
CMLFW,SMFRW,2021-07-26,alpaca:corporate-actions:name_change,2026-09-28T02:59:35Z
EARS,CYTO,2021-07-26,alpaca:corporate-actions:name_change,2026-09-28T02:59:35Z
FRX,BODY,2021-07-26,alpaca:corporate-actions:name_change,2026-09-28T02:59:35Z
ACND-WS,MKTWW,2021-07-28,alpaca:corporate-actions:name_change,2026-09-28T02:59:35Z
MTSL,SBET,2021-07-28,alpaca:corporate-actions:name_change,2026-09-28T02:59:35Z
RAAC,BGRY,2021-07-29,alpaca:corporate-actions:name_change,2026-09-28T02:59:35Z
THCB,MVST,2021-07-29,alpaca:corporate-actions:name_change,2026-09-28T02:59:35Z
CLNY-PRG,DBRG-PRG,2021-07-30,alpaca:corporate-actions:name_change,2026-09-28T02:59:35Z
CLNY-PRI,DBRG-PRI,2021-07-30,alpaca:corporate-actions:name_change,2026-09-28T02:59:35Z
CRSAU,LVOXU,2021-07-30,alpaca:corporate-actions:name_change,2026-09-28T02:59:35Z
CRSAW,LVOXW,2021-07-30,alpaca:corporate-actions:name_change,2026-09-28T02:59:35Z
FCACW,SHCRW,2021-07-30,alpaca:corporate-actions:name_change,2026-09-28T02:59:35Z
VCVC,REE,2021-07-30,alpaca:corporate-actions:name_change,2026-09-28T02:59:35Z
GXO-WI,GXO,2021-08-02,alpaca:corporate-actions:name_change,2026-09-28T02:59:35Z
HOL,ASTR,2021-08-02,alpaca:corporate-actions:name_change,2026-09-28T02:59:35Z
KCCB,KHYB,2021-08-02,alpaca:corporate-actions:name_change,2026-09-28T02:59:35Z
BBWI-WI,BBWI,2021-08-03,alpaca:corporate-actions:name_change,2026-09-28T02:59:35Z
MDCA,STGW,2021-08-03,alpaca:corporate-actions:name_change,2026-09-28T02:59:35Z
PQG,ECVT,2021-08-03,alpaca:corporate-actions:name_change,2026-09-28T02:59:35Z
RTPZ,HIPO,2021-08-03,alpaca:corporate-actions:name_change,2026-09-28T02:59:35Z
VSCO-WI,VSCO,2021-08-03,alpaca:corporate-actions:name_change,2026-09-28T02:59:35Z
NTEC,INDP,2021-08-04,alpaca:corporate-actions:name_change,2026-09-28T02:59:35Z
RACA,PNT,2021-08-04,alpaca:corporate-actions:name_change,2026-09-28T02:59:35Z
GRSV,AMBP,2021-08-05,alpaca:corporate-actions:name_change,2026-09-28T02:59:35Z
SVAC,CYXT,2021-08-05,alpaca:corporate-actions:name_change,2026-09-28T02:59:35Z
FRX-WS,BODY-WS,2021-08-06,alpaca:corporate-actions:name_change,2026-09-28T02:59:35Z
HOLUW,ASTRW,2021-08-06,alpaca:corporate-actions:name_change,2026-09-28T02:59:35Z
CAP,DOMA,2021-08-09,alpaca:corporate-actions:name_change,2026-09-28T02:59:35Z
CAP-WS,DOMA-WS,2021-08-09,alpaca:corporate-actions:name_change,2026-09-28T02:59:35Z
NVMZ,NOVZ,2021-08-09,alpaca:corporate-actions:name_change,2026-09-28T02:59:35Z
ROCC,RSVR,2021-08-09,alpaca:corporate-actions:name_change,2026-09-28T02:59:35Z
SVMK,MNTV,2021-08-09,alpaca:corporate-actions:name_change,2026-09-28T02:59:35Z
DCRB,HYZN,2021-08-10,alpaca:corporate-actions:name_change,2026-09-28T02:59:35Z
DCRBW,HYZNW,2021-08-10,alpaca:corporate-actions:name_change,2026-09-28T02:59:35Z
RTPZ-WS,HIPO-WS,2021-08-10,alpaca:corporate-actions:name_change,2026-09-28T02:59:35Z
SPKEP,VIASP,2021-08-10,alpaca:corporate-actions:name_change,2026-09-28T02:59:35Z
CCIV-WS,LCIDW,2021-08-11,alpaca:corporate-actions:name_change,2026-09-28T02:59:35Z
LCYAW,HLMNW,2021-08-11,alpaca:corporate-actions:name_change,2026-09-28T02:59:35Z
PDAC,LICY,2021-08-11,alpaca:corporate-actions:name_change,2026-09-28T02:59:35Z
ROCCW,RSVRW,2021-08-11,alpaca:corporate-actions:name_change,2026-09-28T02:59:35Z
RTP,JOBY,2021-08-11,alpaca:corporate-actions:name_change,2026-09-28T02:59:35Z
AONE-WS,MKFG-WS,2021-08-12,alpaca:corporate-actions:name_change,2026-09-28T02:59:35Z
CHFW,SRZN,2021-08-12,alpaca:corporate-actions:name_change,2026-09-28T02:59:35Z
CHFW-WS,SRZNW,2021-08-12,alpaca:corporate-actions:name_change,2026-09-28T02:59:35Z
GHVIW,MTTRW,2021-08-12,alpaca:corporate-actions:name_change,2026-09-28T02:59:35Z
ALUS-WS,FREY-WS,2021-08-13,alpaca:corporate-actions:name_change,2026-09-28T02:59:35Z
ETH,ETD,2021-08-16,alpaca:corporate-actions:name_change,2026-09-28T02:59:35Z
RSVAW,ENVXW,2021-08-16,alpaca:corporate-actions:name_change,2026-09-28T02:59:35Z
SBG-WS,OWLT-WS,2021-08-16,alpaca:corporate-actions:name_change,2026-09-28T02:59:35Z
SPRQ-WS,SUNL-WS,2021-08-16,alpaca:corporate-actions:name_change,2026-09-28T02:59:35Z
SRAC,MNTS,2021-08-16,alpaca:corporate-actions:name_change,2026-09-28T02:59:35Z
GRNV,HLBZ,2021-08-17,alpaca:corporate-actions:name_change,2026-09-28T02:59:35Z
NSH,SPIR,2021-08-17,alpaca:corporate-actions:name_change,2026-09-28T02:59:35Z
RTP-WS,JOBY-WS,2021-08-17,alpaca:corporate-actions:name_change,2026-09-28T02:59:35Z
SCPE,RKLY,2021-08-17,alpaca:corporate-actions:name_change,2026-09-28T02:59:35Z
ACSG,EMCR,2021-08-18,alpaca:corporate-actions:name_change,2026-09-28T02:59:35Z
BCTG,TNGX,2021-08-18,alpaca:corporate-actions:name_change,2026-09-28T02:59:35Z
CFAC,LIDR,2021-08-18,alpaca:corporate-actions:name_change,2026-09-28T02:59:35Z
CFACW,LIDRW,2021-08-18,alpaca:corporate-actions:name_change,2026-09-28T02:59:35Z
DGNR,CCCS,2021-08-18,alpaca:corporate-actions:name_change,2026-09-28T02:59:35Z
DGNR-WS,CCCS-WS,2021-08-18,alpaca:corporate-actions:name_change,2026-09-28T02:59:35Z
GRNVW,HLBZW,2021-08-18,alpaca:corporate-actions:name_change,2026-09-28T02:59:35Z
GRSVW,AMBP-WS,2021-08-18,alpaca:corporate-actions:name_change,2026-09-28T02:59:35Z
NBA,MIMO,2021-08-18,alpaca:corporate-actions:name_change,2026-09-28T02:59:35Z
NBA-WS,MIMO-WS,2021-08-18,alpaca:corporate-actions:name_change,2026-09-28T02:59:35Z
SAII,OTMO,2021-08-18,alpaca:corporate-actions:name_change,2026-09-28T02:59:35Z
PDAC-WS,LICY-WS,2021-08-19,alpaca:corporate-actions:name_change,2026-09-28T02:59:35Z
ASPL-WS,UP-WS,2021-08-20,alpaca:corporate-actions:name_change,2026-09-28T02:59:35Z
RMGB,RNW,2021-08-24,alpaca:corporate-actions:name_change,2026-09-28T02:59:35Z
RMGBW,RNWWW,2021-08-24,alpaca:corporate-actions:name_change,2026-09-28T02:59:35Z
SRACW,MNTSW,2021-08-24,alpaca:corporate-actions:name_change,2026-09-28T02:59:35Z
FWAA,SMRT,2021-08-25,alpaca:corporate-actions:name_change,2026-09-28T02:59:35Z
VACQ,RKLB,2021-08-25,alpaca:corporate-actions:name_change,2026-09-28T02:59:35Z
CERC,AVTX,2021-08-26,alpaca:corporate-actions:name_change,2026-09-28T02:59:35Z
SCPE-WS,RKLY-WS,2021-08-26,alpaca:corporate-actions:name_change,2026-09-28T02:59:35Z
AHAC,HUMA,2021-08-27,alpaca:corporate-actions:name_change,2026-09-28T02:59:35Z
AHACW,HUMAW,2021-08-27,alpaca:corporate-actions:name_change,2026-09-28T02:59:35Z
ARPO,AADI,2021-08-27,alpaca:corporate-actions:name_change,2026-09-28T02:59:35Z
EMPW-WS,HLLY-WS,2021-08-27,alpaca:corporate-actions:name_change,2026-09-28T02:59:35Z
FGNA-WS,OPFI-WS,2021-08-27,alpaca:corporate-actions:name_change,2026-09-28T02:59:35Z
KSMT,GDEV,2021-08-27,alpaca:corporate-actions:name_change,2026-09-28T02:59:35Z
KSMTW,GDEVW,2021-08-27,alpaca:corporate-actions:name_change,2026-09-28T02:59:35Z
NHICU,EVLVU,2021-08-27,alpaca:corporate-actions:name_change,2026-09-28T02:59:35Z
PSAC,FFIE,2021-08-27,alpaca:corporate-actions:name_change,2026-09-28T02:59:35Z
PSACW,FFIEW,2021-08-27,alpaca:corporate-actions:name_change,2026-09-28T02:59:35Z
RAACW,BGRYW,2021-08-27,alpaca:corporate-actions:name_change,2026-09-28T02:59:35Z
GWAC,CIFR,2021-08-30,alpaca:corporate-actions:name_change,2026-09-28T02:59:35Z
GWACW,CIFRW,2021-08-30,alpaca:corporate-actions:name_change,2026-09-28T02:59:35Z
NEBC,ROVR,2021-08-30,alpaca:corporate-actions:name_change,2026-09-28T02:59:35Z
NEBCW,ROVRW,2021-08-30,alpaca:corporate-actions:name_change,2026-09-28T02:59:35Z
SVACW,CYXTW,2021-08-30,alpaca:corporate-actions:name_change,2026-09-28T02:59:35Z
TWCT,CLBT,2021-08-31,alpaca:corporate-actions:name_change,2026-09-28T02:59:35Z
LWAC,EFTR,2021-09-01,alpaca:corporate-actions:name_change,2026-09-28T02:59:35Z
AJAX,CZOO,2021-09-02,alpaca:corporate-actions:name_change,2026-09-28T02:59:35Z
DFNS,IRNT,2021-09-02,alpaca:corporate-actions:name_change,2026-09-28T02:59:35Z
SPNV,OPAD,2021-09-02,alpaca:corporate-actions:name_change,2026-09-28T02:59:35Z
GNPK,RDW,2021-09-03,alpaca:corporate-actions:name_change,2026-09-28T02:59:35Z
THCBW,MVSTW,2021-09-03,alpaca:corporate-actions:name_change,2026-09-28T02:59:35Z
VCVCW,REEAW,2021-09-03,alpaca:corporate-actions:name_change,2026-09-28T02:59:35Z
CENH,ARQQ,2021-09-07,alpaca:corporate-actions:name_change,2026-09-28T02:59:35Z
CENHW,ARQQW,2021-09-07,alpaca:corporate-actions:name_change,2026-09-28T02:59:35Z
LIVK,AGIL,2021-09-07,alpaca:corporate-actions:name_change,2026-09-28T02:59:35Z
NGAC,XOS,2021-09-07,alpaca:corporate-actions:name_change,2026-09-28T02:59:35Z
NGACW,XOSWW,2021-09-07,alpaca:corporate-actions:name_change,2026-09-28T02:59:35Z
AJAX-WS,CZOO-WS,2021-09-08,alpaca:corporate-actions:name_change,2026-09-28T02:59:35Z
DFNS-WS,IRNT-WS,2021-09-08,alpaca:corporate-actions:name_change,2026-09-28T02:59:35Z
CATB,ATXS,2021-09-09,alpaca:corporate-actions:name_change,2026-09-28T02:59:35Z
LWACW,EFTRW,2021-09-09,alpaca:corporate-actions:name_change,2026-09-28T02:59:35Z
SFTW,BKSY,2021-09-10,alpaca:corporate-actions:name_change,2026-09-28T02:59:35Z
SOAC,TMC,2021-09-10,alpaca:corporate-actions:name_change,2026-09-28T02:59:35Z
SOAC-WS,TMCWW,2021-09-10,alpaca:corporate-actions:name_change,2026-09-28T02:59:35Z
CBLI,STAB,2021-09-13,alpaca:corporate-actions:name_change,2026-09-28T02:59:35Z
OPP-RTWI,OPP-RT,2021-09-13,alpaca:corporate-actions:name_change,2026-09-28T02:59:35Z
SNPR,VLTA,2021-09-13,alpaca:corporate-actions:name_change,2026-09-28T02:59:35Z
CMII,SLGC,2021-09-14,alpaca:corporate-actions:name_change,2026-09-28T02:59:35Z
HVBT,HIVE,2021-09-14,alpaca:corporate-actions:name_change,2026-09-28T02:59:35Z
SAIIW,OTMOW,2021-09-14,alpaca:corporate-actions:name_change,2026-09-28T02:59:35Z
TWCTW,CLBTW,2021-09-15,alpaca:corporate-actions:name_change,2026-09-28T02:59:35Z
VACQW,RKLBW,2021-09-15,alpaca:corporate-actions:name_change,2026-09-28T02:59:35Z
ACIC,ACHR,2021-09-17,alpaca:corporate-actions:name_change,2026-09-28T02:59:35Z
SPKE,VIA,2021-09-17,alpaca:corporate-actions:name_change,2026-09-28T02:59:35Z
SRNG,DNA,2021-09-17,alpaca:corporate-actions:name_change,2026-09-28T02:59:35Z
DEH,RBOT,2021-09-20,alpaca:corporate-actions:name_change,2026-09-28T02:59:35Z
HCHC,VATE,2021-09-20,alpaca:corporate-actions:name_change,2026-09-28T02:59:35Z
JXN-WI,JXN,2021-09-20,alpaca:corporate-actions:name_change,2026-09-28T02:59:35Z
BLUW,CRXT,2021-09-21,alpaca:corporate-actions:name_change,2026-09-28T02:59:35Z
BLUWW,CRXTW,2021-09-21,alpaca:corporate-actions:name_change,2026-09-28T02:59:35Z
FINS-RTWI,FINS-RT,2021-09-21,alpaca:corporate-actions:name_change,2026-09-28T02:59:35Z
LIVKW,AGILW,2021-09-21,alpaca:corporate-actions:name_change,2026-09-28T02:59:35Z
PACE,NRDY,2021-09-21,alpaca:corporate-actions:name_change,2026-09-28T02:59:35Z
QELL,LILM,2021-09-21,alpaca:corporate-actions:name_change,2026-09-28T02:59:35Z
SFTW-WS,BKSY-WS,2021-09-21,alpaca:corporate-actions:name_change,2026-09-28T02:59:35Z
RICE,LFG,2021-09-22,alpaca:corporate-actions:name_change,2026-09-28T02:59:35Z
RICE-WS,LFG-WS,2021-09-22,alpaca:corporate-actions:name_change,2026-09-28T02:59:35Z
ACIC-WS,ACHR-WS,2021-09-23,alpaca:corporate-actions:name_change,2026-09-28T02:59:35Z
FUSE,ML,2021-09-23,alpaca:corporate-actions:name_change,2026-09-28T02:59:35Z
SRNGW,DNA-WS,2021-09-23,alpaca:corporate-actions:name_change,2026-09-28T02:59:35Z
NSH-WS,SPIR-WS,2021-09-24,alpaca:corporate-actions:name_change,2026-09-28T02:59:35Z
AMHC,JSPR,2021-09-27,alpaca:corporate-actions:name_change,2026-09-28T02:59:35Z
AMHCW,JSPRW,2021-09-27,alpaca:corporate-actions:name_change,2026-09-28T02:59:35Z
PACE-WS,NRDY-WS,2021-09-27,alpaca:corporate-actions:name_change,2026-09-28T02:59:35Z
CMIIW,SLGCW,2021-09-29,alpaca:corporate-actions:name_change,2026-09-28T02:59:35Z
SNPR-WS,VLTA-WS,2021-09-29,alpaca:corporate-actions:name_change,2026-09-28T02:59:35Z
LATN,PROC,2021-09-30,alpaca:corporate-actions:name_change,2026-09-28T02:59:35Z
LATNW,PROCW,2021-09-30,alpaca:corporate-actions:name_change,2026-09-28T02:59:35Z
MAGS,SNT,2021-09-30,alpaca:corporate-actions:name_change,2026-09-28T02:59:35Z
PTK,VLN,2021-09-30,alpaca:corporate-actions:name_change,2026-09-28T02:59:35Z
CTAC,KORE,2021-10-01,alpaca:corporate-actions:name_change,2026-09-28T02:59:35Z
DMYI,IONQ,2021-10-01,alpaca:corporate-actions:name_change,2026-09-28T02:59:35Z
GLEO,SHPW,2021-10-01,alpaca:corporate-actions:name_change,2026-09-28T02:59:35Z
HJLI,NVNO,2021-10-01,alpaca:corporate-actions:name_change,2026-09-28T02:59:35Z
RMRM,SEVN,2021-10-01,alpaca:corporate-actions:name_change,2026-09-28T02:59:35Z
SLVM-WI,SLVM,2021-10-01,alpaca:corporate-actions:name_change,2026-09-28T02:59:35Z
SPFR,VLD,2021-10-01,alpaca:corporate-actions:name_change,2026-09-28T02:59:35Z
COG,CTRA,2021-10-04,alpaca:corporate-actions:name_change,2026-09-28T02:59:35Z
CREE,WOLF,2021-10-04,alpaca:corporate-actions:name_change,2026-09-28T02:59:35Z
FI,XPRO,2021-10-04,alpaca:corporate-actions:name_change,2026-09-28T02:59:35Z
KCAC,WBX,2021-10-04,alpaca:corporate-actions:name_change,2026-09-28T02:59:35Z
CAHC,LMDX,2021-10-05,alpaca:corporate-actions:name_change,2026-09-28T02:59:35Z
CAHCW,LMDXW,2021-10-05,alpaca:corporate-actions:name_change,2026-09-28T02:59:35Z
RBC,RRX,2021-10-05,alpaca:corporate-actions:name_change,2026-09-28T02:59:35Z
RIV-RTWI,RIV-RT,2021-10-05,alpaca:corporate-actions:name_change,2026-09-28T02:59:35Z
RXN,ZWS,2021-10-05,alpaca:corporate-actions:name_change,2026-09-28T02:59:35Z
STPC,BHIL,2021-10-05,alpaca:corporate-actions:name_change,2026-09-28T02:59:35Z
FEYE,MNDT,2021-10-06,alpaca:corporate-actions:name_change,2026-09-28T02:59:35Z
ITCB-RTWI,ITCB-RT,2021-10-06,alpaca:corporate-actions:name_change,2026-09-28T02:59:35Z
LIVX,LVO,2021-10-06,alpaca:corporate-actions:name_change,2026-09-28T02:59:35Z
CTAC-WS,KORE-WS,2021-10-07,alpaca:corporate-actions:name_change,2026-09-28T02:59:35Z
CCSIV,CCSI,2021-10-08,alpaca:corporate-actions:name_change,2026-09-28T02:59:35Z
ITAC,ARBE,2021-10-08,alpaca:corporate-actions:name_change,2026-09-28T02:59:35Z
ITACW,ARBEW,2021-10-08,alpaca:corporate-actions:name_change,2026-09-28T02:59:35Z
JCOM,ZD,2021-10-08,alpaca:corporate-actions:name_change,2026-09-28T02:59:35Z
SPNV-WS,OPAD-WS,2021-10-08,alpaca:corporate-actions:name_change,2026-09-28T02:59:35Z
MAAC,ROIV,2021-10-11,alpaca:corporate-actions:name_change,2026-09-28T02:59:35Z
STWO,GWH,2021-10-11,alpaca:corporate-actions:name_change,2026-09-28T02:59:35Z
KBSF,LLL,2021-10-13,alpaca:corporate-actions:name_change,2026-09-28T02:59:35Z
ROT,STRC,2021-10-13,alpaca:corporate-actions:name_change,2026-09-28T02:59:35Z
ROT-WS,STRCW,2021-10-13,alpaca:corporate-actions:name_change,2026-09-28T02:59:35Z
LSAQ,SNCE,2021-10-14,alpaca:corporate-actions:name_change,2026-09-28T02:59:35Z
CHAQ,RCOR,2021-10-15,alpaca:corporate-actions:name_change,2026-09-28T02:59:35Z
CHAQ-WS,RCOR-WS,2021-10-15,alpaca:corporate-actions:name_change,2026-09-28T02:59:35Z
GNPK-WS,RDW-WS,2021-10-15,alpaca:corporate-actions:name_change,2026-09-28T02:59:35Z
PVAC,ROCC,2021-10-18,alpaca:corporate-actions:name_change,2026-09-28T02:59:35Z
TYHT,SISI,2021-10-18,alpaca:corporate-actions:name_change,2026-09-28T02:59:35Z
VIH,BKKT,2021-10-18,alpaca:corporate-actions:name_change,2026-09-28T02:59:35Z
DEH-WS,RBOT-WS,2021-10-19,alpaca:corporate-actions:name_change,2026-09-28T02:59:35Z
HZAC,SEAT,2021-10-19,alpaca:corporate-actions:name_change,2026-09-28T02:59:35Z
HZAC-WS,SEATW,2021-10-19,alpaca:corporate-actions:name_change,2026-09-28T02:59:35Z
PTK-WS,VLN-WS,2021-10-19,alpaca:corporate-actions:name_change,2026-09-28T02:59:35Z
LEGO,ASTL,2021-10-20,alpaca:corporate-actions:name_change,2026-09-28T02:59:35Z
LEGOW,ASTLW,2021-10-20,alpaca:corporate-actions:name_change,2026-09-28T02:59:35Z
LOKB,NVTS,2021-10-20,alpaca:corporate-actions:name_change,2026-09-28T02:59:35Z
QELLW,LILMW,2021-10-20,alpaca:corporate-actions:name_change,2026-09-28T02:59:35Z
BTFD,BTF,2021-10-21,alpaca:corporate-actions:name_change,2026-09-28T02:59:35Z
CMO-PRE,FBRT-PRE,2021-10-21,alpaca:corporate-actions:name_change,2026-09-28T02:59:35Z
GSAH,MIR,2021-10-21,alpaca:corporate-actions:name_change,2026-09-28T02:59:35Z
LOKB-WS,NVTSW,2021-10-21,alpaca:corporate-actions:name_change,2026-09-28T02:59:35Z
BTFD,BTF,2021-10-22,alpaca:corporate-actions:name_change,2026-09-28T02:59:35Z
GETVV,GET,2021-10-22,alpaca:corporate-actions:name_change,2026-09-28T02:59:35Z
HJLIW,NVNOW,2021-10-26,alpaca:corporate-actions:name_change,2026-09-28T02:59:35Z
BOWX,WE,2021-10-27,alpaca:corporate-actions:name_change,2026-09-28T02:59:35Z
MAACW,ROIVW,2021-10-28,alpaca:corporate-actions:name_change,2026-09-28T02:59:35Z
SPFR-WS,VLD-WS,2021-10-28,alpaca:corporate-actions:name_change,2026-09-28T02:59:35Z
APOP,QNRX,2021-10-29,alpaca:corporate-actions:name_change,2026-09-28T02:59:35Z
AZRX,FWBI,2021-10-29,alpaca:corporate-actions:name_change,2026-09-28T02:59:35Z
BXS,CADE,2021-10-29,alpaca:corporate-actions:name_change,2026-09-28T02:59:35Z
FUSE-WS,ML-WS,2021-10-29,alpaca:corporate-actions:name_change,2026-09-28T02:59:35Z
TMTS,NN,2021-10-29,alpaca:corporate-actions:name_change,2026-09-28T02:59:35Z
TMTSW,NNAVW,2021-10-29,alpaca:corporate-actions:name_change,2026-09-28T02:59:35Z
BOWXW,WE-WS,2021-11-01,alpaca:corporate-actions:name_change,2026-09-28T02:59:35Z
FWDB,MENV,2021-11-01,alpaca:corporate-actions:name_change,2026-09-28T02:59:35Z
GXF,NORW,2021-11-01,alpaca:corporate-actions:name_change,2026-09-28T02:59:35Z
MCAD,BTTX,2021-11-01,alpaca:corporate-actions:name_change,2026-09-28T02:59:35Z
MLHR,MLKN,2021-11-01,alpaca:corporate-actions:name_change,2026-09-28T02:59:35Z
BCEI,CIVI,2021-11-02,alpaca:corporate-actions:name_change,2026-09-28T02:59:35Z
KURI,BBLN,2021-11-03,alpaca:corporate-actions:name_change,2026-09-28T02:59:35Z
KD-WI,KD,2021-11-04,alpaca:corporate-actions:name_change,2026-09-28T02:59:35Z
MKTY,SLNH,2021-11-04,alpaca:corporate-actions:name_change,2026-09-28T02:59:35Z
MKTYP,SLNHP,2021-11-04,alpaca:corporate-actions:name_change,2026-09-28T02:59:35Z
MRAC,ENJY,2021-11-04,alpaca:corporate-actions:name_change,2026-09-28T02:59:35Z
RTPY,AUR,2021-11-04,alpaca:corporate-actions:name_change,2026-09-28T02:59:35Z
RTPYW,AUROW,2021-11-04,alpaca:corporate-actions:name_change,2026-09-28T02:59:35Z
GLEO-WS,SHPW-WS,2021-11-05,alpaca:corporate-actions:name_change,2026-09-28T02:59:35Z
NETE,MULN,2021-11-05,alpaca:corporate-actions:name_change,2026-09-28T02:59:35Z
STPC-WS,BHIL-WS,2021-11-05,alpaca:corporate-actions:name_change,2026-09-28T02:59:35Z
TDAC,LTRY,2021-11-05,alpaca:corporate-actions:name_change,2026-09-28T02:59:35Z
TDACW,LTRYW,2021-11-05,alpaca:corporate-actions:name_change,2026-09-28T02:59:35Z
TSVTV,TSVT,2021-11-05,alpaca:corporate-actions:name_change,2026-09-28T02:59:35Z
EYEG,KPRX,2021-11-08,alpaca:corporate-actions:name_change,2026-09-28T02:59:35Z
KVSB,KIND,2021-11-08,alpaca:corporate-actions:name_change,2026-09-28T02:59:35Z
LYLTV,LYLT,2021-11-08,alpaca:corporate-actions:name_change,2026-09-28T02:59:35Z
MOTN,DCGO,2021-11-08,alpaca:corporate-actions:name_change,2026-09-28T02:59:35Z
NHF,NXDT,2021-11-08,alpaca:corporate-actions:name_change,2026-09-28T02:59:35Z
NHF-PRA,NXDT-PRA,2021-11-08,alpaca:corporate-actions:name_change,2026-09-28T02:59:35Z
MRACW,ENJYW,2021-11-09,alpaca:corporate-actions:name_change,2026-09-28T02:59:35Z
STWOW,GWH-WS,2021-11-09,alpaca:corporate-actions:name_change,2026-09-28T02:59:35Z
RCF-U,RCFA-U,2021-11-11,alpaca:corporate-actions:name_change,2026-09-28T02:59:35Z
DMYI-WS,IONQ-WS,2021-11-12,alpaca:corporate-actions:name_change,2026-09-28T02:59:35Z
KCAC-WS,WBX-WS,2021-11-12,alpaca:corporate-actions:name_change,2026-09-28T02:59:35Z
CSU,SNDA,2021-11-15,alpaca:corporate-actions:name_change,2026-09-28T02:59:35Z
DFPH,TOI,2021-11-15,alpaca:corporate-actions:name_change,2026-09-28T02:59:35Z
DFPHW,TOIIW,2021-11-15,alpaca:corporate-actions:name_change,2026-09-28T02:59:35Z
GSAH-WS,MIR-WS,2021-11-15,alpaca:corporate-actions:name_change,2026-09-28T02:59:35Z
NGAB,EMBK,2021-11-15,alpaca:corporate-actions:name_change,2026-09-28T02:59:35Z
ONL-WI,ONL,2021-11-15,alpaca:corporate-actions:name_change,2026-09-28T02:59:35Z
SWBK,BRDS,2021-11-15,alpaca:corporate-actions:name_change,2026-09-28T02:59:35Z
SGOC,TROO,2021-11-16,alpaca:corporate-actions:name_change,2026-09-28T02:59:35Z
ARTE-W,ARTEW,2021-11-19,alpaca:corporate-actions:name_change,2026-09-28T02:59:35Z
CREC-U,CRECU,2021-11-19,alpaca:corporate-actions:name_change,2026-09-28T02:59:35Z
GATE-W,GATEW,2021-11-19,alpaca:corporate-actions:name_change,2026-09-28T02:59:35Z
LIII,LOCL,2021-11-22,alpaca:corporate-actions:name_change,2026-09-28T02:59:35Z
BCYP,SABS,2021-11-24,alpaca:corporate-actions:name_change,2026-09-28T02:59:35Z
VIHAW,BKKT-WS,2021-11-26,alpaca:corporate-actions:name_change,2026-09-28T02:59:35Z
SGAM,RDBX,2021-11-29,alpaca:corporate-actions:name_change,2026-09-28T02:59:35Z
SWBK-WS,BRDS-WS,2021-11-29,alpaca:corporate-actions:name_change,2026-09-28T02:59:35Z
BRKS,AZTA,2021-12-01,alpaca:corporate-actions:name_change,2026-09-28T02:59:35Z
DDMX,CDRO,2021-12-01,alpaca:corporate-actions:name_change,2026-09-28T02:59:35Z
DDMXW,CDROW,2021-12-01,alpaca:corporate-actions:name_change,2026-09-28T02:59:35Z
IACB,CTV,2021-12-01,alpaca:corporate-actions:name_change,2026-09-28T02:59:35Z
AGC,GRAB,2021-12-02,alpaca:corporate-actions:name_change,2026-09-28T02:59:35Z
AGCWW,GRABW,2021-12-02,alpaca:corporate-actions:name_change,2026-09-28T02:59:35Z
MOTNW,DCGOW,2021-12-02,alpaca:corporate-actions:name_change,2026-09-28T02:59:35Z
ADF,HGTY,2021-12-03,alpaca:corporate-actions:name_change,2026-09-28T02:59:35Z
BCYPW,SABSW,2021-12-03,alpaca:corporate-actions:name_change,2026-09-28T02:59:35Z
KURIW,BBLN-WS,2021-12-03,alpaca:corporate-actions:name_change,2026-09-28T02:59:35Z
SGAMW,RDBXW,2021-12-03,alpaca:corporate-actions:name_change,2026-09-28T02:59:35Z
ENFAW,BZFDW,2021-12-06,alpaca:corporate-actions:name_change,2026-09-28T02:59:35Z
FORE,PIII,2021-12-06,alpaca:corporate-actions:name_change,2026-09-28T02:59:35Z
FOREW,PIIIW,2021-12-06,alpaca:corporate-actions:name_change,2026-09-28T02:59:35Z
IMPPV,IMPP,2021-12-06,alpaca:corporate-actions:name_change,2026-09-28T02:59:35Z
IMPTV,IMPPP,2021-12-06,alpaca:corporate-actions:name_change,2026-09-28T02:59:35Z
TPGS,VCSA,2021-12-07,alpaca:corporate-actions:name_change,2026-09-28T02:59:35Z
DMYQ,PL,2021-12-08,alpaca:corporate-actions:name_change,2026-09-28T02:59:35Z
GIG,BBAI,2021-12-08,alpaca:corporate-actions:name_change,2026-09-28T02:59:35Z
DCRC,SLDP,2021-12-09,alpaca:corporate-actions:name_change,2026-09-28T02:59:35Z
DCRCW,SLDPW,2021-12-09,alpaca:corporate-actions:name_change,2026-09-28T02:59:35Z
GIGGW,BBAI-WS,2021-12-09,alpaca:corporate-actions:name_change,2026-09-28T02:59:35Z
BXS-PRA,CADE-PRA,2021-12-10,alpaca:corporate-actions:name_change,2026-09-28T02:59:35Z
CBAH,AMPS,2021-12-10,alpaca:corporate-actions:name_change,2026-09-28T02:59:35Z
CLI,VRE,2021-12-10,alpaca:corporate-actions:name_change,2026-09-28T02:59:35Z
ENFA,BZFD,2021-12-10,alpaca:corporate-actions:name_change,2026-09-28T02:59:35Z
GOAT,MOTG,2021-12-10,alpaca:corporate-actions:name_change,2026-09-28T02:59:35Z
BHTG,RENO,2021-12-13,alpaca:corporate-actions:name_change,2026-09-28T02:59:35Z
THMA,PEAR,2021-12-13,alpaca:corporate-actions:name_change,2026-09-28T02:59:35Z
ADF-WS,HGTY-WS,2021-12-14,alpaca:corporate-actions:name_change,2026-09-28T02:59:35Z
IKNX,WULF,2021-12-14,alpaca:corporate-actions:name_change,2026-09-28T02:59:35Z
SVOK,BOXD,2021-12-15,alpaca:corporate-actions:name_change,2026-09-28T02:59:35Z
BSN,EVTL,2021-12-16,alpaca:corporate-actions:name_change,2026-09-28T02:59:35Z
HX,AHG,2021-12-16,alpaca:corporate-actions:name_change,2026-09-28T02:59:35Z
ISOS,BOWL,2021-12-16,alpaca:corporate-actions:name_change,2026-09-28T02:59:35Z
IAIC,WAVD,2021-12-17,alpaca:corporate-actions:name_change,2026-09-28T02:59:35Z
NGAB-WS,EMBKW,2021-12-17,alpaca:corporate-actions:name_change,2026-09-28T02:59:35Z
IIAC,ZGN,2021-12-20,alpaca:corporate-actions:name_change,2026-09-28T02:59:35Z
MOSY,PRSO,2021-12-20,alpaca:corporate-actions:name_change,2026-09-28T02:59:35Z
VOSO,WEJO,2021-12-20,alpaca:corporate-actions:name_change,2026-09-28T02:59:35Z
CMLT,EQRX,2021-12-21,alpaca:corporate-actions:name_change,2026-09-28T02:59:35Z
DGNS,CVT,2021-12-21,alpaca:corporate-actions:name_change,2026-09-28T02:59:35Z
YAC,SSU,2021-12-21,alpaca:corporate-actions:name_change,2026-09-28T02:59:35Z
EUSG,ADSE,2021-12-23,alpaca:corporate-actions:name_change,2026-09-28T02:59:35Z
EUSGW,ADSEW,2021-12-23,alpaca:corporate-actions:name_change,2026-09-28T02:59:35Z
HCAQ,HYPR,2021-12-23,alpaca:corporate-actions:name_change,2026-09-28T02:59:35Z
IACB-WS,CTV-WS,2021-12-23,alpaca:corporate-actions:name_change,2026-09-28T02:59:35Z
SPE-RTWI,SPE-RT,2021-12-23,alpaca:corporate-actions:name_change,2026-09-28T02:59:35Z
THMAW,PEARW,2021-12-23,alpaca:corporate-actions:name_change,2026-09-28T02:59:35Z
CBAH-WS,AMPS-WS,2021-12-28,alpaca:corporate-actions:name_change,2026-09-28T02:59:35Z
DBDR,CMPO,2021-12-29,alpaca:corporate-actions:name_change,2026-09-28T02:59:35Z
DBDRW,CMPOW,2021-12-29,alpaca:corporate-actions:name_change,2026-09-28T02:59:35Z
INS,CCRD,2021-12-29,alpaca:corporate-actions:name_change,2026-09-28T02:59:35Z
DOUG-WI,DOUG,2021-12-30,alpaca:corporate-actions:name_change,2026-09-28T02:59:35Z
ISOS-WS,BOWL-WS,2021-12-30,alpaca:corporate-actions:name_change,2026-09-28T02:59:35Z
VOSOW,WEJOW,2021-12-30,alpaca:corporate-actions:name_change,2026-09-28T02:59:35Z
YAC-WS,SSU-WS,2021-12-30,alpaca:corporate-actions:name_change,2026-09-28T02:59:35Z
LIII-WS,LOCL-WS,2021-12-31,alpaca:corporate-actions:name_change,2026-09-28T02:59:35Z
MFMS,TMFS,2021-12-31,alpaca:corporate-actions:name_change,2026-09-28T02:59:35Z
ATMR,FATH,2022-01-03,alpaca:corporate-actions:name_change,2026-09-28T02:59:35Z
ATMR-WS,FATH-WS,2022-01-03,alpaca:corporate-actions:name_change,2026-09-28T02:59:35Z
GBLIL,GBLL,2022-01-03,alpaca:corporate-actions:name_change,2026-09-28T02:59:35Z
QSY,WTV,2022-01-03,alpaca:corporate-actions:name_change,2026-09-28T02:59:35Z
SULR,SOLR,2022-01-03,alpaca:corporate-actions:name_change,2026-09-28T02:59:35Z
BSN-WS,EVTL-WS,2022-01-04,alpaca:corporate-actions:name_change,2026-09-28T02:59:35Z
DPW,NILE,2022-01-04,alpaca:corporate-actions:name_change,2026-09-28T02:59:35Z
YSACU,YSAC-U,2022-01-04,alpaca:corporate-actions:name_change,2026-09-28T02:59:35Z
YSACW,YSAC-WS,2022-01-04,alpaca:corporate-actions:name_change,2026-09-28T02:59:35Z
NGCA,VORB,2022-01-05,alpaca:corporate-actions:name_change,2026-09-28T02:59:35Z
NGCAW,VORBW,2022-01-05,alpaca:corporate-actions:name_change,2026-09-28T02:59:35Z
VPCC,DAVE,2022-01-06,alpaca:corporate-actions:name_change,2026-09-28T02:59:35Z
VPCC-WS,DAVEW,2022-01-06,alpaca:corporate-actions:name_change,2026-09-28T02:59:35Z
SINO,SGLY,2022-01-07,alpaca:corporate-actions:name_change,2026-09-28T02:59:35Z
DMYQ-WS,PL-WS,2022-01-10,alpaca:corporate-actions:name_change,2026-09-28T02:59:35Z
FSII,PRDS,2022-01-10,alpaca:corporate-actions:name_change,2026-09-28T02:59:35Z
MACQ,ADTH,2022-01-10,alpaca:corporate-actions:name_change,2026-09-28T02:59:35Z
MACQW,ADTHW,2022-01-10,alpaca:corporate-actions:name_change,2026-09-28T02:59:35Z
WLTW,WTW,2022-01-10,alpaca:corporate-actions:name_change,2026-09-28T02:59:35Z
ATHN,HLGN,2022-01-11,alpaca:corporate-actions:name_change,2026-09-28T02:59:35Z
PAIC,REVB,2022-01-11,alpaca:corporate-actions:name_change,2026-09-28T02:59:35Z
PAICW,REVBW,2022-01-11,alpaca:corporate-actions:name_change,2026-09-28T02:59:35Z
SVOKW,BOXD-WS,2022-01-12,alpaca:corporate-actions:name_change,2026-09-28T02:59:35Z
IIAC-WS,ZGN-WS,2022-01-13,alpaca:corporate-actions:name_change,2026-09-28T02:59:35Z
NAKD,CENN,2022-01-14,alpaca:corporate-actions:name_change,2026-09-28T02:59:35Z
DOO,AIVI,2022-01-18,alpaca:corporate-actions:name_change,2026-09-28T02:59:35Z
DTN,AIVL,2022-01-18,alpaca:corporate-actions:name_change,2026-09-28T02:59:35Z
GMII,SOND,2022-01-19,alpaca:corporate-actions:name_change,2026-09-28T02:59:35Z
GMIIW,SONDW,2022-01-19,alpaca:corporate-actions:name_change,2026-09-28T02:59:35Z
LFT-RTWI,LFT-RT,2022-01-19,alpaca:corporate-actions:name_change,2026-09-28T02:59:35Z
OSMT,RVLP,2022-01-19,alpaca:corporate-actions:name_change,2026-09-28T02:59:35Z
PAICU,REVBU,2022-01-20,alpaca:corporate-actions:name_change,2026-09-28T02:59:35Z
OSAT,NXPL,2022-01-21,alpaca:corporate-actions:name_change,2026-09-28T02:59:35Z
OSATW,NXPLW,2022-01-21,alpaca:corporate-actions:name_change,2026-09-28T02:59:35Z
CRY,AORT,2022-01-24,alpaca:corporate-actions:name_change,2026-09-28T02:59:35Z
FTF-RTWI,FTF-RT,2022-01-24,alpaca:corporate-actions:name_change,2026-09-28T02:59:35Z
XPDI,CORZ,2022-01-24,alpaca:corporate-actions:name_change,2026-09-28T02:59:35Z
XPDIW,CORZW,2022-01-24,alpaca:corporate-actions:name_change,2026-09-28T02:59:35Z
CPSR,GLS,2022-01-25,alpaca:corporate-actions:name_change,2026-09-28T02:59:35Z
CFFVW,SATLW,2022-01-26,alpaca:corporate-actions:name_change,2026-09-28T02:59:35Z
CFV,SATL,2022-01-26,alpaca:corporate-actions:name_change,2026-09-28T02:59:35Z
FTXD,ISHP,2022-01-26,alpaca:corporate-actions:name_change,2026-09-28T02:59:35Z
YSAC,SKYH,2022-01-26,alpaca:corporate-actions:name_change,2026-09-28T02:59:35Z
DCRN,DCFC,2022-01-27,alpaca:corporate-actions:name_change,2026-09-28T02:59:35Z
DCRNW,DCFCW,2022-01-27,alpaca:corporate-actions:name_change,2026-09-28T02:59:35Z
ZIOP,TCRT,2022-01-27,alpaca:corporate-actions:name_change,2026-09-28T02:59:35Z
CMLTW,EQRXW,2022-01-28,alpaca:corporate-actions:name_change,2026-09-28T02:59:35Z
FVE,ALR,2022-01-28,alpaca:corporate-actions:name_change,2026-09-28T02:59:35Z
SEAH,SGHC,2022-01-28,alpaca:corporate-actions:name_change,2026-09-28T02:59:35Z
TREB,SST,2022-01-28,alpaca:corporate-actions:name_change,2026-09-28T02:59:35Z
HKIB,AMTD,2022-01-31,alpaca:corporate-actions:name_change,2026-09-28T02:59:35Z
META,METV,2022-01-31,alpaca:corporate-actions:name_change,2026-09-28T02:59:35Z
ATHN-WS,HLGN-WS,2022-02-01,alpaca:corporate-actions:name_change,2026-09-28T02:59:35Z
SHEL-WI,SHEL,2022-02-01,alpaca:corporate-actions:name_change,2026-09-28T02:59:35Z
CEGVV,CEG,2022-02-02,alpaca:corporate-actions:name_change,2026-09-28T02:59:35Z
IVAN,SES,2022-02-04,alpaca:corporate-actions:name_change,2026-09-28T02:59:35Z
VMAC,ANGH,2022-02-04,alpaca:corporate-actions:name_change,2026-09-28T02:59:35Z
VMACW,ANGHW,2022-02-04,alpaca:corporate-actions:name_change,2026-09-28T02:59:35Z
CPSR-WS,GLS-WS,2022-02-08,alpaca:corporate-actions:name_change,2026-09-28T02:59:35Z
ENVI,GRNA,2022-02-09,alpaca:corporate-actions:name_change,2026-09-28T02:59:35Z
SBEA,BRCC,2022-02-10,alpaca:corporate-actions:name_change,2026-09-28T02:59:35Z
XBUY,EMFQ,2022-02-10,alpaca:corporate-actions:name_change,2026-09-28T02:59:35Z
APO-PRA,AAM-PRA,2022-02-11,alpaca:corporate-actions:name_change,2026-09-28T02:59:35Z
APO-PRB,AAM-PRB,2022-02-11,alpaca:corporate-actions:name_change,2026-09-28T02:59:35Z
GCAC,CPTN,2022-02-11,alpaca:corporate-actions:name_change,2026-09-28T02:59:35Z
GCACW,CPTNW,2022-02-11,alpaca:corporate-actions:name_change,2026-09-28T02:59:35Z
MDVA,MDV-PRA,2022-02-11,alpaca:corporate-actions:name_change,2026-09-28T02:59:35Z
NXU,NRGV,2022-02-14,alpaca:corporate-actions:name_change,2026-09-28T02:59:35Z
SBEAW,BRCC-WS,2022-02-14,alpaca:corporate-actions:name_change,2026-09-28T02:59:35Z
AFIN,RTL,2022-02-15,alpaca:corporate-actions:name_change,2026-09-28T02:59:35Z
AFINO,RTLPO,2022-02-15,alpaca:corporate-actions:name_change,2026-09-28T02:59:35Z
AFINP,RTLPP,2022-02-15,alpaca:corporate-actions:name_change,2026-09-28T02:59:35Z
PLIN,BTOG,2022-02-15,alpaca:corporate-actions:name_change,2026-09-28T02:59:35Z
ENVIW,GRNAW,2022-02-16,alpaca:corporate-actions:name_change,2026-09-28T02:59:35Z
FMBIO,ONBPO,2022-02-16,alpaca:corporate-actions:name_change,2026-09-28T02:59:35Z
FMBIP,ONBPP,2022-02-16,alpaca:corporate-actions:name_change,2026-09-28T02:59:35Z
IVAN-WS,SES-WS,2022-02-16,alpaca:corporate-actions:name_change,2026-09-28T02:59:35Z
MCMJ,LFLY,2022-02-16,alpaca:corporate-actions:name_change,2026-09-28T02:59:35Z
MCMJW,LFLYW,2022-02-16,alpaca:corporate-actions:name_change,2026-09-28T02:59:35Z
TREB-WS,SST-WS,2022-02-17,alpaca:corporate-actions:name_change,2026-09-28T02:59:35Z
VIAC,PARA,2022-02-17,alpaca:corporate-actions:name_change,2026-09-28T02:59:35Z
VIACA,PARAA,2022-02-17,alpaca:corporate-actions:name_change,2026-09-28T02:59:35Z
VIACP,PARAP,2022-02-17,alpaca:corporate-actions:name_change,2026-09-28T02:59:35Z
YSAC-WS,SKYH-WS,2022-02-17,alpaca:corporate-actions:name_change,2026-09-28T02:59:35Z
BOMN,BOC,2022-02-22,alpaca:corporate-actions:name_change,2026-09-28T02:59:35Z
ENNV,FSRD,2022-02-22,alpaca:corporate-actions:name_change,2026-09-28T02:59:35Z
ALTM,KNTK,2022-02-23,alpaca:corporate-actions:name_change,2026-09-28T02:59:35Z
CAPE,CAPD,2022-02-24,alpaca:corporate-actions:name_change,2026-09-28T02:59:35Z
ROCR,QTEK,2022-02-24,alpaca:corporate-actions:name_change,2026-09-28T02:59:35Z
FDIV,HISF,2022-02-28,alpaca:corporate-actions:name_change,2026-09-28T02:59:35Z
NXU-WS,NRGV-WS,2022-02-28,alpaca:corporate-actions:name_change,2026-09-28T02:59:35Z
ROCRW,QTEKW,2022-02-28,alpaca:corporate-actions:name_change,2026-09-28T02:59:35Z
TGP-PRA,SEAL-PRA,2022-02-28,alpaca:corporate-actions:name_change,2026-09-28T02:59:35Z
TGP-PRB,SEAL-PRB,2022-02-28,alpaca:corporate-actions:name_change,2026-09-28T02:59:35Z
CINR,SIRE,2022-03-01,alpaca:corporate-actions:name_change,2026-09-28T02:59:35Z
ZIMVV,ZIMV,2022-03-01,alpaca:corporate-actions:name_change,2026-09-28T02:59:35Z
NXTD,LGMK,2022-03-02,alpaca:corporate-actions:name_change,2026-09-28T02:59:35Z
SNII,RGTI,2022-03-02,alpaca:corporate-actions:name_change,2026-09-28T02:59:35Z
SNII-WS,RGTIW,2022-03-02,alpaca:corporate-actions:name_change,2026-09-28T02:59:35Z
TVAC,ISPO,2022-03-02,alpaca:corporate-actions:name_change,2026-09-28T02:59:35Z
TVACW,ISPOW,2022-03-02,alpaca:corporate-actions:name_change,2026-09-28T02:59:35Z
HCCC,DRTS,2022-03-08,alpaca:corporate-actions:name_change,2026-09-28T02:59:35Z
HCCCW,DRTSW,2022-03-08,alpaca:corporate-actions:name_change,2026-09-28T02:59:35Z
BRBR-WI,BRBR,2022-03-11,alpaca:corporate-actions:name_change,2026-09-28T02:59:35Z
SEAH-WS,SGHC-WS,2022-03-11,alpaca:corporate-actions:name_change,2026-09-28T02:59:35Z
STL-PRA,WBS-PRG,2022-03-11,alpaca:corporate-actions:name_change,2026-09-28T02:59:35Z
IGAP,GCTK,2022-03-14,alpaca:corporate-actions:name_change,2026-09-28T02:59:35Z
BBUC-WI,BBUC,2022-03-15,alpaca:corporate-actions:name_change,2026-09-28T02:59:35Z
GUT-RTWI,GUT-RT,2022-03-15,alpaca:corporate-actions:name_change,2026-09-28T02:59:35Z
HFC,DINO,2022-03-15,alpaca:corporate-actions:name_change,2026-09-28T02:59:35Z
BTNB,PGRU,2022-03-18,alpaca:corporate-actions:name_change,2026-09-28T02:59:35Z
CCAC,QNGY,2022-03-18,alpaca:corporate-actions:name_change,2026-09-28T02:59:35Z
CCAC-WS,QNGY-WS,2022-03-18,alpaca:corporate-actions:name_change,2026-09-28T02:59:35Z
ENNVW,FSRDW,2022-03-18,alpaca:corporate-actions:name_change,2026-09-28T02:59:35Z
MOTV,FRGE,2022-03-22,alpaca:corporate-actions:name_change,2026-09-28T02:59:35Z
REPH,SCTL,2022-03-22,alpaca:corporate-actions:name_change,2026-09-28T02:59:35Z
SPAQ,ALLG,2022-03-22,alpaca:corporate-actions:name_change,2026-09-28T02:59:35Z
HGSH,GGE,2022-03-23,alpaca:corporate-actions:name_change,2026-09-28T02:59:35Z
ACY,MTMT,2022-03-28,alpaca:corporate-actions:name_change,2026-09-28T02:59:35Z
CWC,TIME,2022-04-01,alpaca:corporate-actions:name_change,2026-09-28T02:59:35Z
EMBCV,EMBC,2022-04-01,alpaca:corporate-actions:name_change,2026-09-28T02:59:35Z
JW-A,WLY,2022-04-01,alpaca:corporate-actions:name_change,2026-09-28T02:59:35Z
JW-B,WLYB,2022-04-01,alpaca:corporate-actions:name_change,2026-09-28T02:59:35Z
ADS,BFH,2022-04-04,alpaca:corporate-actions:name_change,2026-09-28T02:59:35Z
BIF,STEW,2022-04-04,alpaca:corporate-actions:name_change,2026-09-28T02:59:35Z
FMAC,STRY,2022-04-04,alpaca:corporate-actions:name_change,2026-09-28T02:59:35Z
ENOV-WI,ENOV,2022-04-05,alpaca:corporate-actions:name_change,2026-09-28T02:59:35Z
ESAB-WI,ESAB,2022-04-05,alpaca:corporate-actions:name_change,2026-09-28T02:59:35Z
PPGH,GGR,2022-04-05,alpaca:corporate-actions:name_change,2026-09-28T02:59:35Z
PPGHW,GGROW,2022-04-05,alpaca:corporate-actions:name_change,2026-09-28T02:59:35Z
FLDM,LAB,2022-04-06,alpaca:corporate-actions:name_change,2026-09-28T02:59:35Z
HLXA,MLTX,2022-04-06,alpaca:corporate-actions:name_change,2026-09-28T02:59:35Z
TWNT,LLAP,2022-04-07,alpaca:corporate-actions:name_change,2026-09-28T02:59:35Z
FMAC-WS,STRY-WS,2022-04-11,alpaca:corporate-actions:name_change,2026-09-28T02:59:35Z
GMBT,SWVL,2022-04-11,alpaca:corporate-actions:name_change,2026-09-28T02:59:35Z
HIX-RTWI,HIX-RT,2022-04-11,alpaca:corporate-actions:name_change,2026-09-28T02:59:35Z
TWNT-WS,LLAP-WS,2022-04-11,alpaca:corporate-actions:name_change,2026-09-28T02:59:35Z
WBDWV,WBD,2022-04-11,alpaca:corporate-actions:name_change,2026-09-28T02:59:35Z
GMBTW,SWVLW,2022-04-13,alpaca:corporate-actions:name_change,2026-09-28T02:59:35Z
MCEF,MFLX,2022-04-14,alpaca:corporate-actions:name_change,2026-09-28T02:59:35Z
DRW,WTRE,2022-04-20,alpaca:corporate-actions:name_change,2026-09-28T02:59:35Z
NHS-RTWI,NHS-RT,2022-04-21,alpaca:corporate-actions:name_change,2026-09-28T02:59:35Z
LOWC,NZAC,2022-04-22,alpaca:corporate-actions:name_change,2026-09-28T02:59:35Z
SPAQ-WS,ALLG-WS,2022-04-22,alpaca:corporate-actions:name_change,2026-09-28T02:59:35Z
FTAI-PRA,FTAIP,2022-04-26,alpaca:corporate-actions:name_change,2026-09-28T02:59:35Z
FTAI-PRB,FTAIO,2022-04-26,alpaca:corporate-actions:name_change,2026-09-28T02:59:35Z
FTAI-PRC,FTAIN,2022-04-26,alpaca:corporate-actions:name_change,2026-09-28T02:59:35Z
ATSPW,SOUNW,2022-04-28,alpaca:corporate-actions:name_change,2026-09-28T02:59:35Z
MOTV-WS,FRGE-WS,2022-04-29,alpaca:corporate-actions:name_change,2026-09-28T02:59:35Z
SGMS,LNW,2022-04-29,alpaca:corporate-actions:name_change,2026-09-28T02:59:35Z
TUSA,FTDS,2022-04-29,alpaca:corporate-actions:name_change,2026-09-28T02:59:35Z
ONE,AIU,2022-05-02,alpaca:corporate-actions:name_change,2026-09-28T02:59:35Z
HTBX,NHWK,2022-05-03,alpaca:corporate-actions:name_change,2026-09-28T02:59:35Z
SV,SMR,2022-05-03,alpaca:corporate-actions:name_change,2026-09-28T02:59:35Z
SVSVW,SMR-WS,2022-05-04,alpaca:corporate-actions:name_change,2026-09-28T02:59:35Z
KCAC-WSA,KCAC-WS,2022-05-05,alpaca:corporate-actions:name_change,2026-09-28T02:59:35Z
LAWS,DSGR,2022-05-09,alpaca:corporate-actions:name_change,2026-09-28T02:59:35Z
PROG,BIOR,2022-05-09,alpaca:corporate-actions:name_change,2026-09-28T02:59:35Z
BLL,BALL,2022-05-10,alpaca:corporate-actions:name_change,2026-09-28T02:59:35Z
ZNTE,EVEX,2022-05-10,alpaca:corporate-actions:name_change,2026-09-28T02:59:35Z
FTLB,FTQI,2022-05-11,alpaca:corporate-actions:name_change,2026-09-28T02:59:35Z
GLU-RTWI,GLU-RT,2022-05-17,alpaca:corporate-actions:name_change,2026-09-28T02:59:35Z
ARTAW,PRENW,2022-05-18,alpaca:corporate-actions:name_change,2026-09-28T02:59:35Z
SGLB,SASI,2022-05-19,alpaca:corporate-actions:name_change,2026-09-28T02:59:35Z
NCBS,NIC,2022-05-24,alpaca:corporate-actions:name_change,2026-09-28T02:59:35Z
RYB,GEHI,2022-05-24,alpaca:corporate-actions:name_change,2026-09-28T02:59:35Z
DCPE,CAPE,2022-05-25,alpaca:corporate-actions:name_change,2026-09-28T02:59:35Z
UEPS,LSAK,2022-05-25,alpaca:corporate-actions:name_change,2026-09-28T02:59:35Z
ZNTEW,EVEX-WS,2022-05-25,alpaca:corporate-actions:name_change,2026-09-28T02:59:35Z
LCAP,MSPR,2022-05-26,alpaca:corporate-actions:name_change,2026-09-28T02:59:35Z
HUSN,FRGT,2022-05-27,alpaca:corporate-actions:name_change,2026-09-28T02:59:35Z
APSG,GBTG,2022-05-31,alpaca:corporate-actions:name_change,2026-09-28T02:59:35Z
TUGC,SAI,2022-05-31,alpaca:corporate-actions:name_change,2026-09-28T02:59:35Z
MSPRV,MSPRW,2022-06-01,alpaca:corporate-actions:name_change,2026-09-28T02:59:35Z
TSCAP,RJF-PRA,2022-06-02,alpaca:corporate-actions:name_change,2026-09-28T02:59:35Z
TSCBP,RJF-PRB,2022-06-02,alpaca:corporate-actions:name_change,2026-09-28T02:59:35Z
ESGC,EMWP,2022-06-06,alpaca:corporate-actions:name_change,2026-09-28T02:59:35Z
FLMN,STR,2022-06-08,alpaca:corporate-actions:name_change,2026-09-28T02:59:35Z
FLMNW,STRDW,2022-06-08,alpaca:corporate-actions:name_change,2026-09-28T02:59:35Z
FB,META,2022-06-09,alpaca:corporate-actions:name_change,2026-09-28T02:59:35Z
RLGY,HOUS,2022-06-09,alpaca:corporate-actions:name_change,2026-09-28T02:59:35Z
GLAQW,AFRIW,2022-06-10,alpaca:corporate-actions:name_change,2026-09-28T02:59:35Z
TUGCW,SAITW,2022-06-10,alpaca:corporate-actions:name_change,2026-09-28T02:59:35Z
REDU,NAAS,2022-06-13,alpaca:corporate-actions:name_change,2026-09-28T02:59:35Z
HYAC,BTMD,2022-06-14,alpaca:corporate-actions:name_change,2026-09-28T02:59:35Z
HYACW,BTMDW,2022-06-14,alpaca:corporate-actions:name_change,2026-09-28T02:59:35Z
STRDW,STR-WS,2022-06-14,alpaca:corporate-actions:name_change,2026-09-28T02:59:35Z
DYNS,SNTI,2022-06-15,alpaca:corporate-actions:name_change,2026-09-28T02:59:35Z
LLNW,EGIO,2022-06-16,alpaca:corporate-actions:name_change,2026-09-28T02:59:35Z
OACB,ALVO,2022-06-16,alpaca:corporate-actions:name_change,2026-09-28T02:59:35Z
OACB-WS,ALVOW,2022-06-16,alpaca:corporate-actions:name_change,2026-09-28T02:59:35Z
VGII,GROV,2022-06-17,alpaca:corporate-actions:name_change,2026-09-28T02:59:35Z
EJFA,PGY,2022-06-23,alpaca:corporate-actions:name_change,2026-09-28T02:59:35Z
EJFAW,PGYWW,2022-06-23,alpaca:corporate-actions:name_change,2026-09-28T02:59:35Z
LCAPW,MSPRZ,2022-06-23,alpaca:corporate-actions:name_change,2026-09-28T02:59:35Z
GGPI,PSNY,2022-06-24,alpaca:corporate-actions:name_change,2026-09-28T02:59:35Z
GGPIW,PSNYW,2022-06-24,alpaca:corporate-actions:name_change,2026-09-28T02:59:35Z
ANTM,ELV,2022-06-28,alpaca:corporate-actions:name_change,2026-09-28T02:59:35Z
OTRA,CMRA,2022-06-29,alpaca:corporate-actions:name_change,2026-09-28T02:59:35Z
VGII-WS,GROV-WS,2022-06-29,alpaca:corporate-actions:name_change,2026-09-28T02:59:35Z
RICO,KAL,2022-06-30,alpaca:corporate-actions:name_change,2026-09-28T02:59:35Z
RICOW,KALWW,2022-06-30,alpaca:corporate-actions:name_change,2026-09-28T02:59:35Z
TYDEV,TYDE,2022-06-30,alpaca:corporate-actions:name_change,2026-09-28T02:59:35Z
EHAB-WI,EHAB,2022-07-01,alpaca:corporate-actions:name_change,2026-09-28T02:59:35Z
OTRAW,CMRAW,2022-07-01,alpaca:corporate-actions:name_change,2026-09-28T02:59:35Z
OAS,CHRD,2022-07-05,alpaca:corporate-actions:name_change,2026-09-28T02:59:35Z
SWM,MATV,2022-07-06,alpaca:corporate-actions:name_change,2026-09-28T02:59:35Z
APSG-WS,GBTG-WS,2022-07-08,alpaca:corporate-actions:name_change,2026-09-28T02:59:35Z
VEC,VVX,2022-07-08,alpaca:corporate-actions:name_change,2026-09-28T02:59:35Z
GLSPW,GRRRW,2022-07-14,alpaca:corporate-actions:name_change,2026-09-28T02:59:35Z
TPAY,ETPA,2022-07-15,alpaca:corporate-actions:name_change,2026-09-28T02:59:35Z
ITHX,MOND,2022-07-19,alpaca:corporate-actions:name_change,2026-09-28T02:59:35Z
GSK,GSK-WI,2022-07-20,alpaca:corporate-actions:name_change,2026-09-28T02:59:35Z
HTA,HR,2022-07-21,alpaca:corporate-actions:name_change,2026-09-28T02:59:35Z
GOED,POL,2022-07-22,alpaca:corporate-actions:name_change,2026-09-28T02:59:35Z
GOED-WS,POL-WS,2022-07-22,alpaca:corporate-actions:name_change,2026-09-28T02:59:35Z
GSK-WI,GSK,2022-07-22,alpaca:corporate-actions:name_change,2026-09-28T02:59:35Z
HLN-WI,HLN,2022-07-22,alpaca:corporate-actions:name_change,2026-09-28T02:59:35Z
TCACW,SBIGW,2022-07-22,alpaca:corporate-actions:name_change,2026-09-28T02:59:35Z
PRPB,GETY,2022-07-25,alpaca:corporate-actions:name_change,2026-09-28T02:59:35Z
ATVC,IRAA,2022-07-28,alpaca:corporate-actions:name_change,2026-09-28T02:59:35Z
ATVCU,IRAAU,2022-07-28,alpaca:corporate-actions:name_change,2026-09-28T02:59:35Z
ATVCW,IRAAW,2022-07-28,alpaca:corporate-actions:name_change,2026-09-28T02:59:35Z
BRPM,FAZE,2022-07-28,alpaca:corporate-actions:name_change,2026-09-28T02:59:35Z
CRTX,QNCX,2022-08-01,alpaca:corporate-actions:name_change,2026-09-28T02:59:35Z
DSAC,NOTE,2022-08-01,alpaca:corporate-actions:name_change,2026-09-28T02:59:35Z
FLM,RBLD,2022-08-01,alpaca:corporate-actions:name_change,2026-09-28T02:59:35Z
FLQD,UDIV,2022-08-01,alpaca:corporate-actions:name_change,2026-09-28T02:59:35Z
FLQE,DIEM,2022-08-01,alpaca:corporate-actions:name_change,2026-09-28T02:59:35Z
FLQG,USPX,2022-08-01,alpaca:corporate-actions:name_change,2026-09-28T02:59:35Z
FLQH,DIVI,2022-08-01,alpaca:corporate-actions:name_change,2026-09-28T02:59:35Z
OEG,OIG,2022-08-01,alpaca:corporate-actions:name_change,2026-09-28T02:59:35Z
FIPWV,FIP,2022-08-02,alpaca:corporate-actions:name_change,2026-09-28T02:59:35Z
NRZ,RITM,2022-08-02,alpaca:corporate-actions:name_change,2026-09-28T02:59:35Z
NRZ-PRA,RITM-PRA,2022-08-02,alpaca:corporate-actions:name_change,2026-09-28T02:59:35Z
NRZ-PRB,RITM-PRB,2022-08-02,alpaca:corporate-actions:name_change,2026-09-28T02:59:35Z
NRZ-PRC,RITM-PRC,2022-08-02,alpaca:corporate-actions:name_change,2026-09-28T02:59:35Z
NRZ-PRD,RITM-PRD,2022-08-02,alpaca:corporate-actions:name_change,2026-09-28T02:59:35Z
DSACW,NOTE-WS,2022-08-03,alpaca:corporate-actions:name_change,2026-09-28T02:59:35Z
MITC,STKH,2022-08-03,alpaca:corporate-actions:name_change,2026-09-28T02:59:35Z
IMAC,BACK,2022-08-08,alpaca:corporate-actions:name_change,2026-09-28T02:59:35Z
LNFA,ZFOX,2022-08-08,alpaca:corporate-actions:name_change,2026-09-28T02:59:35Z
CHWA,PET,2022-08-09,alpaca:corporate-actions:name_change,2026-09-28T02:59:35Z
CHWAW,PETWW,2022-08-09,alpaca:corporate-actions:name_change,2026-09-28T02:59:35Z
GIGE,BYOB,2022-08-09,alpaca:corporate-actions:name_change,2026-09-28T02:59:35Z
SHFT,ENRG,2022-08-09,alpaca:corporate-actions:name_change,2026-09-28T02:59:35Z
XPOA-WS,QBTS-WS,2022-08-09,alpaca:corporate-actions:name_change,2026-09-28T02:59:35Z
CHWA,PET,2022-08-10,alpaca:corporate-actions:name_change,2026-09-28T02:59:35Z
CHWAW,PETWW,2022-08-10,alpaca:corporate-actions:name_change,2026-09-28T02:59:35Z
ITHXW,MONDW,2022-08-10,alpaca:corporate-actions:name_change,2026-09-28T02:59:35Z
SYNL,ACNT,2022-08-11,alpaca:corporate-actions:name_change,2026-09-28T02:59:35Z
AINV,MFIC,2022-08-15,alpaca:corporate-actions:name_change,2026-09-28T02:59:35Z
SDH,EPOW,2022-08-15,alpaca:corporate-actions:name_change,2026-09-28T02:59:35Z
ACTDW,OPALW,2022-08-16,alpaca:corporate-actions:name_change,2026-09-28T02:59:35Z
LNFA-WS,ZFOXW,2022-08-16,alpaca:corporate-actions:name_change,2026-09-28T02:59:35Z
GRVI,UPXI,2022-08-19,alpaca:corporate-actions:name_change,2026-09-28T02:59:35Z
PRPB-WS,GETY-WS,2022-08-22,alpaca:corporate-actions:name_change,2026-09-28T02:59:35Z
BRPMW,FAZEW,2022-08-26,alpaca:corporate-actions:name_change,2026-09-28T02:59:35Z
BCAC,APGN,2022-08-29,alpaca:corporate-actions:name_change,2026-09-28T02:59:35Z
RVAC,WEST,2022-08-29,alpaca:corporate-actions:name_change,2026-09-28T02:59:35Z
DNAA,AKLI,2022-08-30,alpaca:corporate-actions:name_change,2026-09-28T02:59:35Z
NWG,NWG-WI,2022-08-31,alpaca:corporate-actions:name_change,2026-09-28T02:59:35Z
OPP-RTWI,OPP-RT,2022-08-31,alpaca:corporate-actions:name_change,2026-09-28T02:59:35Z
DBLV,SURE,2022-09-01,alpaca:corporate-actions:name_change,2026-09-28T02:59:35Z
NWG-WI,NWG,2022-09-01,alpaca:corporate-actions:name_change,2026-09-28T02:59:35Z
PSTI,PLUR,2022-09-02,alpaca:corporate-actions:name_change,2026-09-28T02:59:35Z
FOUNW,RBT-WS,2022-09-06,alpaca:corporate-actions:name_change,2026-09-28T02:59:35Z
ELY,MODG,2022-09-07,alpaca:corporate-actions:name_change,2026-09-28T02:59:35Z
RVACW,WESTW,2022-09-07,alpaca:corporate-actions:name_change,2026-09-28T02:59:35Z
BBI,FRTX,2022-09-08,alpaca:corporate-actions:name_change,2026-09-28T02:59:35Z
FTRP,REUN,2022-09-08,alpaca:corporate-actions:name_change,2026-09-28T02:59:35Z
ASPC,STIX,2022-09-09,alpaca:corporate-actions:name_change,2026-09-28T02:59:35Z
ASPCW,STIXW,2022-09-09,alpaca:corporate-actions:name_change,2026-09-28T02:59:35Z
BCACW,APGNW,2022-09-09,alpaca:corporate-actions:name_change,2026-09-28T02:59:35Z
ADGI,IVVD,2022-09-13,alpaca:corporate-actions:name_change,2026-09-28T02:59:35Z
CLAQ,KITT,2022-09-13,alpaca:corporate-actions:name_change,2026-09-28T02:59:35Z
CLAQW,KITTW,2022-09-13,alpaca:corporate-actions:name_change,2026-09-28T02:59:35Z
SWAG,NOGN,2022-09-13,alpaca:corporate-actions:name_change,2026-09-28T02:59:35Z
SWAGW,NOGNW,2022-09-13,alpaca:corporate-actions:name_change,2026-09-28T02:59:35Z
CLBS,LSTA,2022-09-15,alpaca:corporate-actions:name_change,2026-09-28T02:59:35Z
CFVI,RUM,2022-09-19,alpaca:corporate-actions:name_change,2026-09-28T02:59:35Z
CFVIW,RUMBW,2022-09-19,alpaca:corporate-actions:name_change,2026-09-28T02:59:35Z
GPCO,HOLO,2022-09-19,alpaca:corporate-actions:name_change,2026-09-28T02:59:35Z
GPCOW,HOLOW,2022-09-19,alpaca:corporate-actions:name_change,2026-09-28T02:59:35Z
CLSN,IMNN,2022-09-21,alpaca:corporate-actions:name_change,2026-09-28T02:59:35Z
HYT-RTWI,HYT-RT,2022-09-22,alpaca:corporate-actions:name_change,2026-09-28T02:59:35Z
RDBXW,CSSEL,2022-09-23,alpaca:corporate-actions:name_change,2026-09-28T02:59:35Z
QK,FLJ,2022-09-26,alpaca:corporate-actions:name_change,2026-09-28T02:59:35Z
ROLL,RBC,2022-09-26,alpaca:corporate-actions:name_change,2026-09-28T02:59:35Z
ROLLP,RBCP,2022-09-26,alpaca:corporate-actions:name_change,2026-09-28T02:59:35Z
IMPX-WS,LVWR-WS,2022-09-28,alpaca:corporate-actions:name_change,2026-09-28T02:59:35Z
NLIT,SHFS,2022-09-29,alpaca:corporate-actions:name_change,2026-09-28T02:59:35Z
NLITW,SHFSW,2022-09-29,alpaca:corporate-actions:name_change,2026-09-28T02:59:35Z
SLCR,THCH,2022-09-29,alpaca:corporate-actions:name_change,2026-09-28T02:59:35Z
ADEAV,ADEA,2022-10-03,alpaca:corporate-actions:name_change,2026-09-28T02:59:35Z
DWIN-WS,FOXO-WS,2022-10-03,alpaca:corporate-actions:name_change,2026-09-28T02:59:35Z
FFR,DTRE,2022-10-03,alpaca:corporate-actions:name_change,2026-09-28T02:59:35Z
SLCRW,THCHW,2022-10-03,alpaca:corporate-actions:name_change,2026-09-28T02:59:35Z
VTAQ,PRST,2022-10-03,alpaca:corporate-actions:name_change,2026-09-28T02:59:35Z
XPER-WI,XPER,2022-10-03,alpaca:corporate-actions:name_change,2026-09-28T02:59:35Z
BHVN-WI,BHVN,2022-10-04,alpaca:corporate-actions:name_change,2026-09-28T02:59:35Z
CBTX,STEL,2022-10-05,alpaca:corporate-actions:name_change,2026-09-28T02:59:35Z
BHM-WI,BHM,2022-10-06,alpaca:corporate-actions:name_change,2026-09-28T02:59:35Z
MPTI-WI,MPTI,2022-10-07,alpaca:corporate-actions:name_change,2026-09-28T02:59:35Z
CNTQW,DFLIW,2022-10-10,alpaca:corporate-actions:name_change,2026-09-28T02:59:35Z
LLL,JXJT,2022-10-10,alpaca:corporate-actions:name_change,2026-09-28T02:59:35Z
CNTQ,DFLI,2022-10-12,alpaca:corporate-actions:name_change,2026-09-28T02:59:35Z
SYN,TOVX,2022-10-13,alpaca:corporate-actions:name_change,2026-09-28T02:59:35Z
GLEE,GSD,2022-10-17,alpaca:corporate-actions:name_change,2026-09-28T02:59:35Z
GLEEU,GSDWU,2022-10-17,alpaca:corporate-actions:name_change,2026-09-28T02:59:35Z
GLEEW,GSDWW,2022-10-17,alpaca:corporate-actions:name_change,2026-09-28T02:59:35Z
IIVI,COHR,2022-10-18,alpaca:corporate-actions:name_change,2026-09-28T02:59:35Z
RIV-RTWI,RIV-RT,2022-10-20,alpaca:corporate-actions:name_change,2026-09-28T02:59:35Z
WRE,ELME,2022-10-20,alpaca:corporate-actions:name_change,2026-09-28T02:59:35Z
KCAC-WS,AMPX-WS,2022-10-21,alpaca:corporate-actions:name_change,2026-09-28T02:59:35Z
ALTM,KNTK,2022-10-24,alpaca:corporate-actions:name_change,2026-09-28T02:59:35Z
GBOX,RVYL,2022-10-24,alpaca:corporate-actions:name_change,2026-09-28T02:59:35Z
XSPA,XWEL,2022-10-25,alpaca:corporate-actions:name_change,2026-09-28T02:59:35Z
MAAQ,CDIO,2022-10-26,alpaca:corporate-actions:name_change,2026-09-28T02:59:35Z
MAAQW,CDIOW,2022-10-26,alpaca:corporate-actions:name_change,2026-09-28T02:59:35Z
GBS,INBS,2022-10-27,alpaca:corporate-actions:name_change,2026-09-28T02:59:35Z
EDNC,SATX,2022-10-28,alpaca:corporate-actions:name_change,2026-09-28T02:59:35Z
VTAQW,PRSTW,2022-10-28,alpaca:corporate-actions:name_change,2026-09-28T02:59:35Z
AZAA,APRT,2022-10-31,alpaca:corporate-actions:name_change,2026-09-28T02:59:35Z
AZAJ,JANT,2022-10-31,alpaca:corporate-actions:name_change,2026-09-28T02:59:35Z
AZAL,JULT,2022-10-31,alpaca:corporate-actions:name_change,2026-09-28T02:59:35Z
AZAO,OCTT,2022-10-31,alpaca:corporate-actions:name_change,2026-09-28T02:59:35Z
AZBA,APRW,2022-10-31,alpaca:corporate-actions:name_change,2026-09-28T02:59:35Z
AZBJ,JANW,2022-10-31,alpaca:corporate-actions:name_change,2026-09-28T02:59:35Z
AZBL,JULW,2022-10-31,alpaca:corporate-actions:name_change,2026-09-28T02:59:35Z
AZBO,OCTW,2022-10-31,alpaca:corporate-actions:name_change,2026-09-28T02:59:35Z
LMAO,ICU,2022-10-31,alpaca:corporate-actions:name_change,2026-09-28T02:59:35Z
LMAOW,ICUCW,2022-10-31,alpaca:corporate-actions:name_change,2026-09-28T02:59:35Z
PAQC,PERF,2022-10-31,alpaca:corporate-actions:name_change,2026-09-28T02:59:35Z
WSTG,CLMB,2022-10-31,alpaca:corporate-actions:name_change,2026-09-28T02:59:35Z
RXO-WI,RXO,2022-11-01,alpaca:corporate-actions:name_change,2026-09-28T02:59:35Z
SZC,NXG,2022-11-01,alpaca:corporate-actions:name_change,2026-09-28T02:59:35Z
AHPAW,OABIW,2022-11-02,alpaca:corporate-actions:name_change,2026-09-28T02:59:35Z
OABIV,OABI,2022-11-02,alpaca:corporate-actions:name_change,2026-09-28T02:59:35Z
PFHC,ACDC,2022-11-02,alpaca:corporate-actions:name_change,2026-09-28T02:59:35Z
CECE,CECO,2022-11-07,alpaca:corporate-actions:name_change,2026-09-28T02:59:35Z
CHG,LUXH,2022-11-07,alpaca:corporate-actions:name_change,2026-09-28T02:59:35Z
WETF,WT,2022-11-07,alpaca:corporate-actions:name_change,2026-09-28T02:59:35Z
NLOK,GEN,2022-11-08,alpaca:corporate-actions:name_change,2026-09-28T02:59:35Z
BHSE,COEP,2022-11-09,alpaca:corporate-actions:name_change,2026-09-28T02:59:35Z
BHSEW,COEPW,2022-11-09,alpaca:corporate-actions:name_change,2026-09-28T02:59:35Z
SBTX,SPRY,2022-11-09,alpaca:corporate-actions:name_change,2026-09-28T02:59:35Z
UHALV,UHALB,2022-11-10,alpaca:corporate-actions:name_change,2026-09-28T02:59:35Z
VCKA,SCLX,2022-11-11,alpaca:corporate-actions:name_change,2026-09-28T02:59:35Z
VCKAW,SCLXW,2022-11-11,alpaca:corporate-actions:name_change,2026-09-28T02:59:35Z
ESSC,NWTN,2022-11-14,alpaca:corporate-actions:name_change,2026-09-28T02:59:35Z
ESSCW,NWTNW,2022-11-14,alpaca:corporate-actions:name_change,2026-09-28T02:59:35Z
IRHG,RATE,2022-11-14,alpaca:corporate-actions:name_change,2026-09-28T02:59:35Z
XL,SPRU,2022-11-14,alpaca:corporate-actions:name_change,2026-09-28T02:59:35Z
BTX,ERNA,2022-11-15,alpaca:corporate-actions:name_change,2026-09-28T02:59:35Z
LNDC,LFCR,2022-11-15,alpaca:corporate-actions:name_change,2026-09-28T02:59:35Z
LAX,EUDA,2022-11-18,alpaca:corporate-actions:name_change,2026-09-28T02:59:35Z
LAXXW,EUDAW,2022-11-18,alpaca:corporate-actions:name_change,2026-09-28T02:59:35Z
TINV,GRND,2022-11-18,alpaca:corporate-actions:name_change,2026-09-28T02:59:35Z
IGNY,PKBO,2022-11-23,alpaca:corporate-actions:name_change,2026-09-28T02:59:35Z
ACEV,TMPO,2022-11-29,alpaca:corporate-actions:name_change,2026-09-28T02:59:35Z
RADA,DRS,2022-11-29,alpaca:corporate-actions:name_change,2026-09-28T02:59:35Z
AESE,AGAE,2022-12-01,alpaca:corporate-actions:name_change,2026-09-28T02:59:35Z
FG-WI,FG,2022-12-01,alpaca:corporate-actions:name_change,2026-09-28T02:59:35Z
BOAS,SLNA,2022-12-02,alpaca:corporate-actions:name_change,2026-09-28T02:59:35Z
BOAS-WS,SLNAW,2022-12-02,alpaca:corporate-actions:name_change,2026-09-28T02:59:35Z
ENPC-WS,GRNT-WS,2022-12-02,alpaca:corporate-actions:name_change,2026-09-28T02:59:35Z
TBK,TFIN,2022-12-02,alpaca:corporate-actions:name_change,2026-09-28T02:59:35Z
TBKCP,TFINP,2022-12-02,alpaca:corporate-actions:name_change,2026-09-28T02:59:35Z
ACEVW,TMPOW,2022-12-05,alpaca:corporate-actions:name_change,2026-09-28T02:59:35Z
ATAX,GHI,2022-12-05,alpaca:corporate-actions:name_change,2026-09-28T02:59:35Z
EDNCW,SATX-WSA,2022-12-09,alpaca:corporate-actions:name_change,2026-09-28T02:59:35Z
IGNYW,PKBOW,2022-12-09,alpaca:corporate-actions:name_change,2026-09-28T02:59:35Z
PAQCW,PERF-WS,2022-12-09,alpaca:corporate-actions:name_change,2026-09-28T02:59:35Z
BAM-WI,BAM,2022-12-12,alpaca:corporate-actions:name_change,2026-09-28T02:59:35Z
BAMH,BNH,2022-12-12,alpaca:corporate-actions:name_change,2026-09-28T02:59:35Z
BAMI,BNJ,2022-12-12,alpaca:corporate-actions:name_change,2026-09-28T02:59:35Z
BN-WI,BN,2022-12-12,alpaca:corporate-actions:name_change,2026-09-28T02:59:35Z
LYL,MATH,2022-12-13,alpaca:corporate-actions:name_change,2026-09-28T02:59:35Z
TINV-WS,GRND-WS,2022-12-13,alpaca:corporate-actions:name_change,2026-09-28T02:59:35Z
VENA,MLGO,2022-12-13,alpaca:corporate-actions:name_change,2026-09-28T02:59:35Z
FBHS,FBIN,2022-12-15,alpaca:corporate-actions:name_change,2026-09-28T02:59:35Z
LAAA,OSA,2022-12-15,alpaca:corporate-actions:name_change,2026-09-28T02:59:35Z
LAAAW,OSAAW,2022-12-15,alpaca:corporate-actions:name_change,2026-09-28T02:59:35Z
MBC-WI,MBC,2022-12-15,alpaca:corporate-actions:name_change,2026-09-28T02:59:35Z
PV,LANV,2022-12-15,alpaca:corporate-actions:name_change,2026-09-28T02:59:35Z
STRN,SWAG,2022-12-16,alpaca:corporate-actions:name_change,2026-09-28T02:59:35Z
STRNW,SWAGW,2022-12-16,alpaca:corporate-actions:name_change,2026-09-28T02:59:35Z
UHALB,UHAL-B,2022-12-19,alpaca:corporate-actions:name_change,2026-09-28T02:59:35Z
FLAC,NAMS,2022-12-20,alpaca:corporate-actions:name_change,2026-09-28T02:59:35Z
FLACW,NAMSW,2022-12-20,alpaca:corporate-actions:name_change,2026-09-28T02:59:35Z
COVAW,ECXWW,2022-12-21,alpaca:corporate-actions:name_change,2026-09-28T02:59:35Z
AIKI,DOMH,2022-12-22,alpaca:corporate-actions:name_change,2026-09-28T02:59:35Z
PTIC,SFR,2022-12-22,alpaca:corporate-actions:name_change,2026-09-28T02:59:35Z
SLAC-U,SLACU,2022-12-27,alpaca:corporate-actions:name_change,2026-09-28T02:59:35Z
SLAC-WS,SLACW,2022-12-27,alpaca:corporate-actions:name_change,2026-09-28T02:59:35Z
LSPR,ZVSA,2022-12-28,alpaca:corporate-actions:name_change,2026-09-28T02:59:35Z
GMTX,IRON,2022-12-30,alpaca:corporate-actions:name_change,2026-09-28T02:59:35Z
WTRH,ASAP,2022-12-30,alpaca:corporate-actions:name_change,2026-09-28T02:59:35Z
LJAQ,MLEC,2023-01-03,alpaca:corporate-actions:name_change,2026-09-28T02:59:35Z
LJAQW,MLECW,2023-01-03,alpaca:corporate-actions:name_change,2026-09-28T02:59:35Z
MSPR,LIFW,2023-01-03,alpaca:corporate-actions:name_change,2026-09-28T02:59:35Z
MSPRW,LIFWW,2023-01-03,alpaca:corporate-actions:name_change,2026-09-28T02:59:35Z
MSPRZ,LIFWZ,2023-01-03,alpaca:corporate-actions:name_change,2026-09-28T02:59:35Z
NILE,AULT,2023-01-03,alpaca:corporate-actions:name_change,2026-09-28T02:59:35Z
NILE-PRD,AULT-PRD,2023-01-03,alpaca:corporate-actions:name_change,2026-09-28T02:59:35Z
DNAY,TBIO,2023-01-04,alpaca:corporate-actions:name_change,2026-09-28T02:59:35Z
GEHCV,GEHC,2023-01-04,alpaca:corporate-actions:name_change,2026-09-28T02:59:35Z
GLBL,ALTI,2023-01-04,alpaca:corporate-actions:name_change,2026-09-28T02:59:35Z
MPACW,MMVWW,2023-01-05,alpaca:corporate-actions:name_change,2026-09-28T02:59:35Z
PAFO,CACO,2023-01-05,alpaca:corporate-actions:name_change,2026-09-28T02:59:35Z
PTICW,SFRWW,2023-01-06,alpaca:corporate-actions:name_change,2026-09-28T02:59:35Z
LPI,VTLE,2023-01-09,alpaca:corporate-actions:name_change,2026-09-28T02:59:35Z
BRMK-WS,VTS-WI,2023-01-10,alpaca:corporate-actions:name_change,2026-09-28T02:59:35Z
CCNC,GDC,2023-01-10,alpaca:corporate-actions:name_change,2026-09-28T02:59:35Z
MTBC,CCLD,2023-01-10,alpaca:corporate-actions:name_change,2026-09-28T02:59:35Z
MTBCO,CCLDO,2023-01-10,alpaca:corporate-actions:name_change,2026-09-28T02:59:35Z
MTBCP,CCLDP,2023-01-10,alpaca:corporate-actions:name_change,2026-09-28T02:59:35Z
SMFR,WGS,2023-01-10,alpaca:corporate-actions:name_change,2026-09-28T02:59:35Z
SMFRW,WGSWW,2023-01-10,alpaca:corporate-actions:name_change,2026-09-28T02:59:35Z
PV-WS,LANV-WS,2023-01-11,alpaca:corporate-actions:name_change,2026-09-28T02:59:35Z
AERC,MKUL,2023-01-12,alpaca:corporate-actions:name_change,2026-09-28T02:59:35Z
IPVA,GETR,2023-01-12,alpaca:corporate-actions:name_change,2026-09-28T02:59:35Z
IPVA-WS,GETR-WS,2023-01-12,alpaca:corporate-actions:name_change,2026-09-28T02:59:35Z
RSF-RTWI,RSF-RT,2023-01-12,alpaca:corporate-actions:name_change,2026-09-28T02:59:35Z
VTS-WI,VTS,2023-01-17,alpaca:corporate-actions:name_change,2026-09-28T02:59:35Z
AUBAP,AUB-PRA,2023-01-18,alpaca:corporate-actions:name_change,2026-09-28T02:59:35Z
GLBLW,ALTIW,2023-01-19,alpaca:corporate-actions:name_change,2026-09-28T02:59:35Z
BAMR,BNRE,2023-01-20,alpaca:corporate-actions:name_change,2026-09-28T02:59:35Z
KIO-RTWI,KIO-RT,2023-01-24,alpaca:corporate-actions:name_change,2026-09-28T02:59:35Z
MPAC,MMV,2023-01-24,alpaca:corporate-actions:name_change,2026-09-28T02:59:35Z
FFHL,RTC,2023-01-25,alpaca:corporate-actions:name_change,2026-09-28T02:59:35Z
JCIC,BAER,2023-01-25,alpaca:corporate-actions:name_change,2026-09-28T02:59:35Z
JCICW,BAERW,2023-01-25,alpaca:corporate-actions:name_change,2026-09-28T02:59:35Z
SFET,ALAR,2023-01-25,alpaca:corporate-actions:name_change,2026-09-28T02:59:35Z
BCOR,AVTA,2023-01-26,alpaca:corporate-actions:name_change,2026-09-28T02:59:35Z
GIAC,CRGO,2023-01-26,alpaca:corporate-actions:name_change,2026-09-28T02:59:35Z
GIACW,CRGOW,2023-01-27,alpaca:corporate-actions:name_change,2026-09-28T02:59:35Z
HSAQ,OBIO,2023-01-27,alpaca:corporate-actions:name_change,2026-09-28T02:59:35Z
MEAC,SEPA,2023-01-27,alpaca:corporate-actions:name_change,2026-09-28T02:59:35Z
MEACU,SEPAU,2023-01-27,alpaca:corporate-actions:name_change,2026-09-28T02:59:35Z
MEACW,SEPAW,2023-01-27,alpaca:corporate-actions:name_change,2026-09-28T02:59:35Z
POND,MRDB,2023-01-27,alpaca:corporate-actions:name_change,2026-09-28T02:59:35Z
POND-WS,MRDB-WS,2023-01-27,alpaca:corporate-actions:name_change,2026-09-28T02:59:35Z
YMTX,KA,2023-01-27,alpaca:corporate-actions:name_change,2026-09-28T02:59:35Z
JAGG,BBAG,2023-02-01,alpaca:corporate-actions:name_change,2026-09-28T02:59:35Z
JIGB,BBCB,2023-02-01,alpaca:corporate-actions:name_change,2026-09-28T02:59:35Z
JPHY,BBHY,2023-02-01,alpaca:corporate-actions:name_change,2026-09-28T02:59:35Z
TWND-WS,BURU-WS,2023-02-02,alpaca:corporate-actions:name_change,2026-09-28T02:59:35Z
BTN,FGH,2023-02-03,alpaca:corporate-actions:name_change,2026-09-28T02:59:35Z
TWND,BURU,2023-02-08,alpaca:corporate-actions:name_change,2026-09-28T02:59:35Z
AMCIW,LNZAW,2023-02-10,alpaca:corporate-actions:name_change,2026-09-28T02:59:35Z
IPAX,LUNR,2023-02-14,alpaca:corporate-actions:name_change,2026-09-28T02:59:35Z
IPAXW,LUNRW,2023-02-14,alpaca:corporate-actions:name_change,2026-09-28T02:59:35Z
AEHA,OCEA,2023-02-15,alpaca:corporate-actions:name_change,2026-09-28T02:59:35Z
AEHAW,OCEAW,2023-02-15,alpaca:corporate-actions:name_change,2026-09-28T02:59:35Z
FEMA,FIXT,2023-02-15,alpaca:corporate-actions:name_change,2026-09-28T02:59:35Z
CENQ,VGAS,2023-02-16,alpaca:corporate-actions:name_change,2026-09-28T02:59:35Z
CENQW,VGASW,2023-02-16,alpaca:corporate-actions:name_change,2026-09-28T02:59:35Z
ISR,CATX,2023-02-21,alpaca:corporate-actions:name_change,2026-09-28T02:59:35Z
IIVIP,IIVI,2023-02-23,alpaca:corporate-actions:name_change,2026-09-28T02:59:35Z
IDRA,ACGN,2023-02-24,alpaca:corporate-actions:name_change,2026-09-28T02:59:35Z
KAII,QDRO,2023-02-27,alpaca:corporate-actions:name_change,2026-09-28T02:59:35Z
KAIIU,QDROU,2023-02-27,alpaca:corporate-actions:name_change,2026-09-28T02:59:35Z
KAIIW,QDROW,2023-02-27,alpaca:corporate-actions:name_change,2026-09-28T02:59:35Z
MCAE,ETAO,2023-02-27,alpaca:corporate-actions:name_change,2026-09-28T02:59:35Z
MICT,TIO,2023-02-27,alpaca:corporate-actions:name_change,2026-09-28T02:59:35Z
RCII,UPBD,2023-02-27,alpaca:corporate-actions:name_change,2026-09-28T02:59:35Z
ACWF,GLOF,2023-03-01,alpaca:corporate-actions:name_change,2026-09-28T02:59:35Z
KMPH,ZVRA,2023-03-01,alpaca:corporate-actions:name_change,2026-09-28T02:59:35Z
PFDR,MVLA,2023-03-01,alpaca:corporate-actions:name_change,2026-09-28T02:59:35Z
PFDRW,MVLAW,2023-03-01,alpaca:corporate-actions:name_change,2026-09-28T02:59:35Z
TPBA,LVRO,2023-03-01,alpaca:corporate-actions:name_change,2026-09-28T02:59:35Z
TPBAW,LVROW,2023-03-01,alpaca:corporate-actions:name_change,2026-09-28T02:59:35Z
LGTO,SLND,2023-03-02,alpaca:corporate-actions:name_change,2026-09-28T02:59:35Z
SLNDW,SLND-WS,2023-03-02,alpaca:corporate-actions:name_change,2026-09-28T02:59:35Z
EBAC,OCS,2023-03-03,alpaca:corporate-actions:name_change,2026-09-28T02:59:35Z
EBACW,OCSAW,2023-03-03,alpaca:corporate-actions:name_change,2026-09-28T02:59:35Z
HPX,AMBI,2023-03-06,alpaca:corporate-actions:name_change,2026-09-28T02:59:35Z
LIONW,SMXWW,2023-03-08,alpaca:corporate-actions:name_change,2026-09-28T02:59:35Z
PONO,AWIN,2023-03-08,alpaca:corporate-actions:name_change,2026-09-28T02:59:35Z
TOROV,TORO,2023-03-08,alpaca:corporate-actions:name_change,2026-09-28T02:59:35Z
HAPP,PAVS,2023-03-14,alpaca:corporate-actions:name_change,2026-09-28T02:59:35Z
IGR-RTWI,IGR-RT,2023-03-14,alpaca:corporate-actions:name_change,2026-09-28T02:59:35Z
CXAIV,CXAI,2023-03-15,alpaca:corporate-actions:name_change,2026-09-28T02:59:35Z
ENAV,SNAV,2023-03-15,alpaca:corporate-actions:name_change,2026-09-28T02:59:35Z
KINZW,CXAIW,2023-03-15,alpaca:corporate-actions:name_change,2026-09-28T02:59:35Z
PLM-RTWI,PLM-RT,2023-03-15,alpaca:corporate-actions:name_change,2026-09-28T02:59:35Z
PONOW,AWINW,2023-03-17,alpaca:corporate-actions:name_change,2026-09-28T02:59:35Z
MCG,SHCO,2023-03-20,alpaca:corporate-actions:name_change,2026-09-28T02:59:35Z
DCRD,HHRS,2023-03-21,alpaca:corporate-actions:name_change,2026-09-28T02:59:35Z
GRAY,CALC,2023-03-21,alpaca:corporate-actions:name_change,2026-09-28T02:59:35Z
GXIIW,NIOBW,2023-03-21,alpaca:corporate-actions:name_change,2026-09-28T02:59:35Z
HPX-WS,AMBI-WS,2023-03-21,alpaca:corporate-actions:name_change,2026-09-28T02:59:35Z
JATT,ZURA,2023-03-21,alpaca:corporate-actions:name_change,2026-09-28T02:59:35Z
LION,SMX,2023-03-21,alpaca:corporate-actions:name_change,2026-09-28T02:59:35Z
ZEST,BNMV,2023-03-21,alpaca:corporate-actions:name_change,2026-09-28T02:59:35Z
BLI,CELL,2023-03-22,alpaca:corporate-actions:name_change,2026-09-28T02:59:35Z
VLDRW,OUST-WSA,2023-03-24,alpaca:corporate-actions:name_change,2026-09-28T02:59:35Z
INKA,NIR,2023-03-28,alpaca:corporate-actions:name_change,2026-09-28T02:59:35Z
JMAC,APLM,2023-03-30,alpaca:corporate-actions:name_change,2026-09-28T02:59:35Z
JMACW,APLMW,2023-03-30,alpaca:corporate-actions:name_change,2026-09-28T02:59:35Z
DHHC,UHG,2023-03-31,alpaca:corporate-actions:name_change,2026-09-28T02:59:35Z
DHHCW,UHGWW,2023-03-31,alpaca:corporate-actions:name_change,2026-09-28T02:59:35Z
HLBZ,MCOM,2023-03-31,alpaca:corporate-actions:name_change,2026-09-28T02:59:35Z
HLBZW,MCOMW,2023-03-31,alpaca:corporate-actions:name_change,2026-09-28T02:59:35Z
SAFE-WI,SAFE,2023-03-31,alpaca:corporate-actions:name_change,2026-09-28T02:59:35Z
STHOV,STHO,2023-03-31,alpaca:corporate-actions:name_change,2026-09-28T02:59:35Z
INKAW,NIRWW,2023-04-03,alpaca:corporate-actions:name_change,2026-09-28T02:59:35Z
SDEF,FXED,2023-04-03,alpaca:corporate-actions:name_change,2026-09-28T02:59:35Z
SDEI,DIVY,2023-04-03,alpaca:corporate-actions:name_change,2026-09-28T02:59:35Z
SMIHW,YSBPW,2023-04-03,alpaca:corporate-actions:name_change,2026-09-28T02:59:35Z
CR,CXT,2023-04-04,alpaca:corporate-actions:name_change,2026-09-28T02:59:35Z
CR-WI,CR,2023-04-04,alpaca:corporate-actions:name_change,2026-09-28T02:59:35Z
TYDE,OCTO,2023-04-04,alpaca:corporate-actions:name_change,2026-09-28T02:59:35Z
JATT-WS,ZURAW,2023-04-12,alpaca:corporate-actions:name_change,2026-09-28T02:59:35Z
BSGA,BTDR,2023-04-14,alpaca:corporate-actions:name_change,2026-09-28T02:59:35Z
DCRDW,HHRSW,2023-04-14,alpaca:corporate-actions:name_change,2026-09-28T02:59:35Z
ATY,ILLM,2023-04-17,alpaca:corporate-actions:name_change,2026-09-28T02:59:35Z
MSGE,SPHR,2023-04-21,alpaca:corporate-actions:name_change,2026-09-28T02:59:35Z
MSGE-WI,MSGE,2023-04-21,alpaca:corporate-actions:name_change,2026-09-28T02:59:35Z
VLON,GRI,2023-04-24,alpaca:corporate-actions:name_change,2026-09-28T02:59:35Z
CIIGW,ZAPPW,2023-05-01,alpaca:corporate-actions:name_change,2026-09-28T02:59:35Z
IDME,IDUB,2023-05-01,alpaca:corporate-actions:name_change,2026-09-28T02:59:35Z
ITCB,ITCL,2023-05-01,alpaca:corporate-actions:name_change,2026-09-28T02:59:35Z
INAQ-U,INAQU,2023-05-02,alpaca:corporate-actions:name_change,2026-09-28T02:59:35Z
CIIG,ZAPP,2023-05-03,alpaca:corporate-actions:name_change,2026-09-28T02:59:35Z
AMV,NXU,2023-05-15,alpaca:corporate-actions:name_change,2026-09-28T02:59:35Z
PKI,RVTY,2023-05-16,alpaca:corporate-actions:name_change,2026-09-28T02:59:35Z
VNTR,VNTRQ,2023-05-16,alpaca:corporate-actions:name_change,2026-09-28T02:59:35Z
AUD,AUDA,2023-05-17,alpaca:corporate-actions:name_change,2026-09-28T02:59:35Z
KSTR,KSTP,2023-05-17,alpaca:corporate-actions:name_change,2026-09-28T02:59:35Z
EVFM,EVFMD,2023-05-18,alpaca:corporate-actions:name_change,2026-09-28T02:59:35Z
GBRG,SDA,2023-05-18,alpaca:corporate-actions:name_change,2026-09-28T02:59:35Z
GBRGW,SDAWW,2023-05-18,alpaca:corporate-actions:name_change,2026-09-28T02:59:35Z
CYAD,CYADY,2023-05-19,alpaca:corporate-actions:name_change,2026-09-28T02:59:35Z
FGLD,FGDL,2023-05-19,alpaca:corporate-actions:name_change,2026-09-28T02:59:35Z
IDW,IDWM,2023-05-19,alpaca:corporate-actions:name_change,2026-09-28T02:59:35Z
ANPC,FRES,2023-05-22,alpaca:corporate-actions:name_change,2026-09-28T02:59:35Z
OBNK,OBK,2023-05-22,alpaca:corporate-actions:name_change,2026-09-28T02:59:35Z
ABB,ABBNY,2023-05-23,alpaca:corporate-actions:name_change,2026-09-28T02:59:35Z
CIDM,CNVS,2023-05-23,alpaca:corporate-actions:name_change,2026-09-28T02:59:35Z
LAESV,LAES,2023-05-24,alpaca:corporate-actions:name_change,2026-09-28T02:59:35Z
NH,NHIQ,2023-05-24,alpaca:corporate-actions:name_change,2026-09-28T02:59:35Z
ROCG,TYGO,2023-05-24,alpaca:corporate-actions:name_change,2026-09-28T02:59:35Z
ATNX,ATNXQ,2023-05-25,alpaca:corporate-actions:name_change,2026-09-28T02:59:35Z
NHS-RTWI,NHS-RT,2023-05-26,alpaca:corporate-actions:name_change,2026-09-28T02:59:35Z
CLXT,CBUS,2023-06-01,alpaca:corporate-actions:name_change,2026-09-28T02:59:35Z
KNF-WI,KNF,2023-06-01,alpaca:corporate-actions:name_change,2026-09-28T02:59:35Z
ANGN,ELTX,2023-06-02,alpaca:corporate-actions:name_change,2026-09-28T02:59:35Z
JWAC,CJET,2023-06-02,alpaca:corporate-actions:name_change,2026-09-28T02:59:35Z
QTEK,QTEKQ,2023-06-02,alpaca:corporate-actions:name_change,2026-09-28T02:59:35Z
EWCO,RSPC,2023-06-07,alpaca:corporate-actions:name_change,2026-09-28T02:59:35Z
EWRE,RSPR,2023-06-07,alpaca:corporate-actions:name_change,2026-09-28T02:59:35Z
FISV,FI,2023-06-07,alpaca:corporate-actions:name_change,2026-09-28T02:59:35Z
RCD,RSPD,2023-06-07,alpaca:corporate-actions:name_change,2026-09-28T02:59:35Z
RGI,RSPN,2023-06-07,alpaca:corporate-actions:name_change,2026-09-28T02:59:35Z
RHS,RSPS,2023-06-07,alpaca:corporate-actions:name_change,2026-09-28T02:59:35Z
RTM,RSPM,2023-06-07,alpaca:corporate-actions:name_change,2026-09-28T02:59:35Z
RYE,RSPG,2023-06-07,alpaca:corporate-actions:name_change,2026-09-28T02:59:35Z
RYF,RSPF,2023-06-07,alpaca:corporate-actions:name_change,2026-09-28T02:59:35Z
RYH,RSPH,2023-06-07,alpaca:corporate-actions:name_change,2026-09-28T02:59:35Z
RYT,RSPT,2023-06-07,alpaca:corporate-actions:name_change,2026-09-28T02:59:35Z
RYU,RSPU,2023-06-07,alpaca:corporate-actions:name_change,2026-09-28T02:59:35Z
ANGN,ELTX,2023-06-08,alpaca:corporate-actions:name_change,2026-09-28T02:59:35Z
AVACW,BENFW,2023-06-08,alpaca:corporate-actions:name_change,2026-09-28T02:59:35Z
CO,CORBF,2023-06-08,alpaca:corporate-actions:name_change,2026-09-28T02:59:35Z
RONI,NPWR,2023-06-09,alpaca:corporate-actions:name_change,2026-09-28T02:59:35Z
WEJO,WEJOQ,2023-06-09,alpaca:corporate-actions:name_change,2026-09-28T02:59:35Z
ARCW,RMTO,2023-06-12,alpaca:corporate-actions:name_change,2026-09-28T02:59:35Z
CYXT,CYXTQ,2023-06-15,alpaca:corporate-actions:name_change,2026-09-28T02:59:35Z
HTGM,HTGMQ,2023-06-15,alpaca:corporate-actions:name_change,2026-09-28T02:59:35Z
UNAM,UNAMQ,2023-06-15,alpaca:corporate-actions:name_change,2026-09-28T02:59:35Z
INT,WKC,2023-06-16,alpaca:corporate-actions:name_change,2026-09-28T02:59:35Z
PTE,PTEIQ,2023-06-16,alpaca:corporate-actions:name_change,2026-09-28T02:59:35Z
HSC,NVRI,2023-06-20,alpaca:corporate-actions:name_change,2026-09-28T02:59:35Z
CISSV,CISS,2023-06-21,alpaca:corporate-actions:name_change,2026-09-28T02:59:35Z
ROC,DTI,2023-06-21,alpaca:corporate-actions:name_change,2026-09-28T02:59:35Z
CISSV,CISS,2023-06-22,alpaca:corporate-actions:name_change,2026-09-28T02:59:35Z
IMPPV,IMPP,2023-06-22,alpaca:corporate-actions:name_change,2026-09-28T02:59:35Z
METBV,METCB,2023-06-22,alpaca:corporate-actions:name_change,2026-09-28T02:59:35Z
METCV,METC,2023-06-22,alpaca:corporate-actions:name_change,2026-09-28T02:59:35Z
RENN,MTBL,2023-06-22,alpaca:corporate-actions:name_change,2026-09-28T02:59:35Z
RONI-WS,NPWR-WS,2023-06-22,alpaca:corporate-actions:name_change,2026-09-28T02:59:35Z
GNUS,TOON,2023-06-26,alpaca:corporate-actions:name_change,2026-09-28T02:59:35Z
METCV,METC,2023-06-26,alpaca:corporate-actions:name_change,2026-09-28T02:59:35Z
ONCS,ONCSQ,2023-06-26,alpaca:corporate-actions:name_change,2026-09-28T02:59:35Z
ERYP,PHXM,2023-06-29,alpaca:corporate-actions:name_change,2026-09-28T02:59:35Z
BBLN,BBLNF,2023-06-30,alpaca:corporate-actions:name_change,2026-09-28T02:59:35Z
ROCGW,TYGOW,2023-06-30,alpaca:corporate-actions:name_change,2026-09-28T02:59:35Z
BGCP,BGC,2023-07-03,alpaca:corporate-actions:name_change,2026-09-28T02:59:35Z
BNSO,BNSOF,2023-07-03,alpaca:corporate-actions:name_change,2026-09-28T02:59:35Z
DPSGY,DHLGY,2023-07-03,alpaca:corporate-actions:name_change,2026-09-28T02:59:35Z
FTREV,FTRE,2023-07-03,alpaca:corporate-actions:name_change,2026-09-28T02:59:35Z
GSRM,BTM,2023-07-03,alpaca:corporate-actions:name_change,2026-09-28T02:59:35Z
GSRMW,BTMWW,2023-07-03,alpaca:corporate-actions:name_change,2026-09-28T02:59:35Z
SRGA,SRGAQ,2023-07-03,alpaca:corporate-actions:name_change,2026-09-28T02:59:35Z
ERES,ABL,2023-07-05,alpaca:corporate-actions:name_change,2026-09-28T02:59:35Z
ERESW,ABLLW,2023-07-05,alpaca:corporate-actions:name_change,2026-09-28T02:59:35Z
PHIN-WI,PHIN,2023-07-05,alpaca:corporate-actions:name_change,2026-09-28T02:59:35Z
SQZ,SQZB,2023-07-05,alpaca:corporate-actions:name_change,2026-09-28T02:59:35Z
UNAMQ,UNAM,2023-07-05,alpaca:corporate-actions:name_change,2026-09-28T02:59:35Z
GOGN,LZM,2023-07-06,alpaca:corporate-actions:name_change,2026-09-28T02:59:35Z
ORCC,OBDC,2023-07-06,alpaca:corporate-actions:name_change,2026-09-28T02:59:35Z
IMBI,IMBIQ,2023-07-07,alpaca:corporate-actions:name_change,2026-09-28T02:59:35Z
NYMX,NYMXF,2023-07-07,alpaca:corporate-actions:name_change,2026-09-28T02:59:35Z
RIDE,RIDEQ,2023-07-07,alpaca:corporate-actions:name_change,2026-09-28T02:59:35Z
IMBI,IMBIQ,2023-07-10,alpaca:corporate-actions:name_change,2026-09-28T02:59:35Z
RE,EG,2023-07-10,alpaca:corporate-actions:name_change,2026-09-28T02:59:35Z
CRECU,CREUF,2023-07-11,alpaca:corporate-actions:name_change,2026-09-28T02:59:35Z
GLTA,MRT,2023-07-11,alpaca:corporate-actions:name_change,2026-09-28T02:59:35Z
DOMA-WS,DOMAW,2023-07-12,alpaca:corporate-actions:name_change,2026-09-28T02:59:35Z
TTCF,TTCFQ,2023-07-12,alpaca:corporate-actions:name_change,2026-09-28T02:59:35Z
AZRE,AZREF,2023-07-14,alpaca:corporate-actions:name_change,2026-09-28T02:59:35Z
ALPA,CTCX,2023-07-17,alpaca:corporate-actions:name_change,2026-09-28T02:59:35Z
ALPAW,CTCXW,2023-07-17,alpaca:corporate-actions:name_change,2026-09-28T02:59:35Z
FACT,CSLR,2023-07-18,alpaca:corporate-actions:name_change,2026-09-28T02:59:35Z
FACT-WS,CSLRW,2023-07-18,alpaca:corporate-actions:name_change,2026-09-28T02:59:35Z
SNMP,SNMPD,2023-07-18,alpaca:corporate-actions:name_change,2026-09-28T02:59:35Z
CLBR,PSQH,2023-07-20,alpaca:corporate-actions:name_change,2026-09-28T02:59:35Z
GLTA-WS,MRT-WS,2023-07-20,alpaca:corporate-actions:name_change,2026-09-28T02:59:35Z
ALPS,ALPSQ,2023-07-21,alpaca:corporate-actions:name_change,2026-09-28T02:59:35Z
SEV,SEVCQ,2023-07-21,alpaca:corporate-actions:name_change,2026-09-28T02:59:35Z
ATTO,ATTOF,2023-07-24,alpaca:corporate-actions:name_change,2026-09-28T02:59:35Z
PMGM,AEON,2023-07-24,alpaca:corporate-actions:name_change,2026-09-28T02:59:35Z
PMGMW,AEON-WS,2023-07-24,alpaca:corporate-actions:name_change,2026-09-28T02:59:35Z
GGAA,GGAAF,2023-07-25,alpaca:corporate-actions:name_change,2026-09-28T02:59:35Z
WLMS,WLMSQ,2023-07-25,alpaca:corporate-actions:name_change,2026-09-28T02:59:35Z
NMTR,NMTRQ,2023-07-26,alpaca:corporate-actions:name_change,2026-09-28T02:59:35Z
NOVN,NOVNQ,2023-07-26,alpaca:corporate-actions:name_change,2026-09-28T02:59:35Z
VRAY,VRAYQ,2023-07-26,alpaca:corporate-actions:name_change,2026-09-28T02:59:35Z
GRIL,SDOT,2023-07-27,alpaca:corporate-actions:name_change,2026-09-28T02:59:35Z
VCIF,CCIF,2023-07-27,alpaca:corporate-actions:name_change,2026-09-28T02:59:35Z
AUDAD,AUDA,2023-07-31,alpaca:corporate-actions:name_change,2026-09-28T02:59:35Z
XPAX,ZLS,2023-07-31,alpaca:corporate-actions:name_change,2026-09-28T02:59:35Z
XPAXU,ZLSWU,2023-07-31,alpaca:corporate-actions:name_change,2026-09-28T02:59:35Z
XPAXW,ZLSWW,2023-07-31,alpaca:corporate-actions:name_change,2026-09-28T02:59:35Z
FLEH,FLEU,2023-08-01,alpaca:corporate-actions:name_change,2026-09-28T02:59:35Z
NBRV,NBRVF,2023-08-01,alpaca:corporate-actions:name_change,2026-09-28T02:59:35Z
SHPW-WS,SHPWW,2023-08-01,alpaca:corporate-actions:name_change,2026-09-28T02:59:35Z
TLGA,ELIQ,2023-08-01,alpaca:corporate-actions:name_change,2026-09-28T02:59:35Z
APPH,APPHQ,2023-08-02,alpaca:corporate-actions:name_change,2026-09-28T02:59:35Z
MMMB,MAMA,2023-08-02,alpaca:corporate-actions:name_change,2026-09-28T02:59:35Z
CLBR-WS,PSQH-WS,2023-08-03,alpaca:corporate-actions:name_change,2026-09-28T02:59:35Z
ISIG,LDWY,2023-08-04,alpaca:corporate-actions:name_change,2026-09-28T02:59:35Z
ENOB,RENB,2023-08-07,alpaca:corporate-actions:name_change,2026-09-28T02:59:35Z
GOGN-WS,LZM-WS,2023-08-11,alpaca:corporate-actions:name_change,2026-09-28T02:59:35Z
MTACW,TLSIW,2023-08-11,alpaca:corporate-actions:name_change,2026-09-28T02:59:35Z
OXAC,JTAI,2023-08-11,alpaca:corporate-actions:name_change,2026-09-28T02:59:35Z
HHC,HHH,2023-08-14,alpaca:corporate-actions:name_change,2026-09-28T02:59:35Z
IDBA,IDBAY,2023-08-14,alpaca:corporate-actions:name_change,2026-09-28T02:59:35Z
BSAQ,VFS,2023-08-15,alpaca:corporate-actions:name_change,2026-09-28T02:59:35Z
BSAQ-WS,VFSWW,2023-08-15,alpaca:corporate-actions:name_change,2026-09-28T02:59:35Z
UIHC,ACIC,2023-08-15,alpaca:corporate-actions:name_change,2026-09-28T02:59:35Z
XOUT,DRUP,2023-08-15,alpaca:corporate-actions:name_change,2026-09-28T02:59:35Z
OXAC,JTAI,2023-08-16,alpaca:corporate-actions:name_change,2026-09-28T02:59:35Z
TLGA,ELIQ,2023-08-16,alpaca:corporate-actions:name_change,2026-09-28T02:59:35Z
YELL,YELLQ,2023-08-16,alpaca:corporate-actions:name_change,2026-09-28T02:59:35Z
DFFN,CRVO,2023-08-17,alpaca:corporate-actions:name_change,2026-09-28T02:59:35Z
PTRA,PTRAQ,2023-08-17,alpaca:corporate-actions:name_change,2026-09-28T02:59:35Z
HMAC,ABLV,2023-08-18,alpaca:corporate-actions:name_change,2026-09-28T02:59:35Z
HMACW,ABLVW,2023-08-18,alpaca:corporate-actions:name_change,2026-09-28T02:59:35Z
RMED,VTAK,2023-08-18,alpaca:corporate-actions:name_change,2026-09-28T02:59:35Z
AMRS,AMRSQ,2023-08-21,alpaca:corporate-actions:name_change,2026-09-28T02:59:35Z
GENQ,ESGL,2023-08-21,alpaca:corporate-actions:name_change,2026-09-28T02:59:35Z
GENQW,ESGLW,2023-08-21,alpaca:corporate-actions:name_change,2026-09-28T02:59:35Z
UBP-PRH,REGCP,2023-08-21,alpaca:corporate-actions:name_change,2026-09-28T02:59:35Z
UBP-PRK,REGCO,2023-08-21,alpaca:corporate-actions:name_change,2026-09-28T02:59:35Z
LGVNV,LGVNR,2023-08-22,alpaca:corporate-actions:name_change,2026-09-28T02:59:35Z
OXACW,JTAIW,2023-08-22,alpaca:corporate-actions:name_change,2026-09-28T02:59:35Z
PTEIQ,RGTPQ,2023-08-22,alpaca:corporate-actions:name_change,2026-09-28T02:59:35Z
TMKR,PMGM,2023-08-22,alpaca:corporate-actions:name_change,2026-09-28T02:59:35Z
TMKRU,PMGMU,2023-08-22,alpaca:corporate-actions:name_change,2026-09-28T02:59:35Z
TMKRW,PMGMW,2023-08-22,alpaca:corporate-actions:name_change,2026-09-28T02:59:35Z
AMOT,ALNT,2023-08-23,alpaca:corporate-actions:name_change,2026-09-28T02:59:35Z
YVR,YVRLF,2023-08-23,alpaca:corporate-actions:name_change,2026-09-28T02:59:35Z
AGAC,AGACF,2023-08-24,alpaca:corporate-actions:name_change,2026-09-28T02:59:35Z
AURC,BETR,2023-08-24,alpaca:corporate-actions:name_change,2026-09-28T02:59:35Z
AURCW,BETRW,2023-08-24,alpaca:corporate-actions:name_change,2026-09-28T02:59:35Z
GMVD,GMVDF,2023-08-24,alpaca:corporate-actions:name_change,2026-09-28T02:59:35Z
CLTL,TBLL,2023-08-28,alpaca:corporate-actions:name_change,2026-09-28T02:59:35Z
DEF,POWA,2023-08-28,alpaca:corporate-actions:name_change,2026-09-28T02:59:35Z
EWMC,GRPM,2023-08-28,alpaca:corporate-actions:name_change,2026-09-28T02:59:35Z
FWAC,BEEP,2023-08-28,alpaca:corporate-actions:name_change,2026-09-28T02:59:35Z
GRZZ,DARP,2023-08-28,alpaca:corporate-actions:name_change,2026-09-28T02:59:35Z
HYLD,RINC,2023-08-28,alpaca:corporate-actions:name_change,2026-09-28T02:59:35Z
PBS,GGME,2023-08-28,alpaca:corporate-actions:name_change,2026-09-28T02:59:35Z
PLW,GOVI,2023-08-28,alpaca:corporate-actions:name_change,2026-09-28T02:59:35Z
PNAC,NCNC,2023-08-28,alpaca:corporate-actions:name_change,2026-09-28T02:59:35Z
PNACW,NCNCW,2023-08-28,alpaca:corporate-actions:name_change,2026-09-28T02:59:35Z
PSJ,IGPT,2023-08-28,alpaca:corporate-actions:name_change,2026-09-28T02:59:35Z
PWC,BMVP,2023-08-28,alpaca:corporate-actions:name_change,2026-09-28T02:59:35Z
PXQ,KNCT,2023-08-28,alpaca:corporate-actions:name_change,2026-09-28T02:59:35Z
AURC,BETR,2023-08-29,alpaca:corporate-actions:name_change,2026-09-28T02:59:35Z
EXTO-WI,EXTO,2023-08-29,alpaca:corporate-actions:name_change,2026-09-28T02:59:35Z
MNK,MNKTQ,2023-08-29,alpaca:corporate-actions:name_change,2026-09-28T02:59:35Z
OIG,OIGBQ,2023-08-29,alpaca:corporate-actions:name_change,2026-09-28T02:59:35Z
ABC,COR,2023-08-30,alpaca:corporate-actions:name_change,2026-09-28T02:59:35Z
SCHN,RDUS,2023-09-01,alpaca:corporate-actions:name_change,2026-09-28T02:59:35Z
UTME,WTO,2023-09-05,alpaca:corporate-actions:name_change,2026-09-28T02:59:35Z
AZYO,ELUT,2023-09-07,alpaca:corporate-actions:name_change,2026-09-28T02:59:35Z
BVXV,SCNI,2023-09-07,alpaca:corporate-actions:name_change,2026-09-28T02:59:35Z
ADMP,DMK,2023-09-08,alpaca:corporate-actions:name_change,2026-09-28T02:59:35Z
BTB,BETS,2023-09-08,alpaca:corporate-actions:name_change,2026-09-28T02:59:35Z
LOV,LOVLY,2023-09-08,alpaca:corporate-actions:name_change,2026-09-28T02:59:35Z
ODTC,ODTCD,2023-09-08,alpaca:corporate-actions:name_change,2026-09-28T02:59:35Z
SLGG,SLE,2023-09-11,alpaca:corporate-actions:name_change,2026-09-28T02:59:35Z
MGTA,DNTH,2023-09-12,alpaca:corporate-actions:name_change,2026-09-28T02:59:35Z
RCLF,MDAI,2023-09-12,alpaca:corporate-actions:name_change,2026-09-28T02:59:35Z
RCLFW,MDAIW,2023-09-12,alpaca:corporate-actions:name_change,2026-09-28T02:59:35Z
WWE,TKO,2023-09-12,alpaca:corporate-actions:name_change,2026-09-28T02:59:35Z
FLAG,CLDI,2023-09-13,alpaca:corporate-actions:name_change,2026-09-28T02:59:35Z
FLAG-WS,CLDI-WS,2023-09-13,alpaca:corporate-actions:name_change,2026-09-28T02:59:35Z
OBSEF,H58CNT017,2023-09-14,alpaca:corporate-actions:name_change,2026-09-28T02:59:35Z
DRTT,DRTTF,2023-09-15,alpaca:corporate-actions:name_change,2026-09-28T02:59:35Z
JUPW,SHOT,2023-09-15,alpaca:corporate-actions:name_change,2026-09-28T02:59:35Z
JUPWW,SHOTW,2023-09-15,alpaca:corporate-actions:name_change,2026-09-28T02:59:35Z
OFC,CDP,2023-09-15,alpaca:corporate-actions:name_change,2026-09-28T02:59:35Z
PIAI,PRIAF,2023-09-15,alpaca:corporate-actions:name_change,2026-09-28T02:59:35Z
SNLN,HYSA,2023-09-18,alpaca:corporate-actions:name_change,2026-09-28T02:59:35Z
TKAT,MI,2023-09-18,alpaca:corporate-actions:name_change,2026-09-28T02:59:35Z
23248B208,CXAI,2023-09-19,alpaca:corporate-actions:name_change,2026-09-28T02:59:35Z
ZEV,ZEVY,2023-09-19,alpaca:corporate-actions:name_change,2026-09-28T02:59:35Z
WEJOQ,WEJOF,2023-09-20,alpaca:corporate-actions:name_change,2026-09-28T02:59:35Z
DTOC,AONC,2023-09-21,alpaca:corporate-actions:name_change,2026-09-28T02:59:35Z
MBSC,GFR,2023-09-21,alpaca:corporate-actions:name_change,2026-09-28T02:59:35Z
OLYMY,OCPNY,2023-09-21,alpaca:corporate-actions:name_change,2026-09-28T02:59:35Z
VHNA,RDZN,2023-09-21,alpaca:corporate-actions:name_change,2026-09-28T02:59:35Z
VHNAW,RDZNW,2023-09-21,alpaca:corporate-actions:name_change,2026-09-28T02:59:35Z
CTIB,YHGJ,2023-09-25,alpaca:corporate-actions:name_change,2026-09-28T02:59:35Z
HILS,THAR,2023-09-25,alpaca:corporate-actions:name_change,2026-09-28T02:59:35Z
MURF,CDT,2023-09-25,alpaca:corporate-actions:name_change,2026-09-28T02:59:35Z
MURFW,CDTTW,2023-09-25,alpaca:corporate-actions:name_change,2026-09-28T02:59:35Z
RTLPO,GNL-PRE,2023-09-25,alpaca:corporate-actions:name_change,2026-09-28T02:59:35Z
RTLPP,GNL-PRD,2023-09-25,alpaca:corporate-actions:name_change,2026-09-28T02:59:35Z
DMS,DMSL,2023-09-26,alpaca:corporate-actions:name_change,2026-09-28T02:59:35Z
SGDVV,SGD,2023-09-28,alpaca:corporate-actions:name_change,2026-09-28T02:59:35Z
MCLD,MCLDF,2023-09-29,alpaca:corporate-actions:name_change,2026-09-28T02:59:35Z
METX,BTCT,2023-09-29,alpaca:corporate-actions:name_change,2026-09-28T02:59:35Z
METXW,BTCTW,2023-09-29,alpaca:corporate-actions:name_change,2026-09-28T02:59:35Z
SGBXV,SGBX,2023-09-29,alpaca:corporate-actions:name_change,2026-09-28T02:59:35Z
ANZU,COCH,2023-10-02,alpaca:corporate-actions:name_change,2026-09-28T02:59:35Z
ANZUW,COCHW,2023-10-02,alpaca:corporate-actions:name_change,2026-09-28T02:59:35Z
GFOR,NKGN,2023-10-02,alpaca:corporate-actions:name_change,2026-09-28T02:59:35Z
GFOR-WS,NKGNW,2023-10-02,alpaca:corporate-actions:name_change,2026-09-28T02:59:35Z
INFI,INFIQ,2023-10-02,alpaca:corporate-actions:name_change,2026-09-28T02:59:35Z
KLG-WI,KLG,2023-10-02,alpaca:corporate-actions:name_change,2026-09-28T02:59:35Z
MPRA,NVNI,2023-10-02,alpaca:corporate-actions:name_change,2026-09-28T02:59:35Z
MPRAW,NVNIW,2023-10-02,alpaca:corporate-actions:name_change,2026-09-28T02:59:35Z
UPTD,ESLA,2023-10-02,alpaca:corporate-actions:name_change,2026-09-28T02:59:35Z
UPTDW,ESLAW,2023-10-02,alpaca:corporate-actions:name_change,2026-09-28T02:59:35Z
VLTO-WI,VLTO,2023-10-02,alpaca:corporate-actions:name_change,2026-09-28T02:59:35Z
VSTS-WI,VSTS,2023-10-02,alpaca:corporate-actions:name_change,2026-09-28T02:59:35Z
RNDV,KNGZ,2023-10-03,alpaca:corporate-actions:name_change,2026-09-28T02:59:35Z
LAAC-WI,LAAC,2023-10-04,alpaca:corporate-actions:name_change,2026-09-28T02:59:35Z
LAC-WI,LAC,2023-10-04,alpaca:corporate-actions:name_change,2026-09-28T02:59:35Z
SDC,SDCCQ,2023-10-04,alpaca:corporate-actions:name_change,2026-09-28T02:59:35Z
CGRN,CGRNQ,2023-10-05,alpaca:corporate-actions:name_change,2026-09-28T02:59:35Z
VQS,VQSSF,2023-10-05,alpaca:corporate-actions:name_change,2026-09-28T02:59:35Z
FZT,FBYD,2023-10-06,alpaca:corporate-actions:name_change,2026-09-28T02:59:35Z
FZT-WS,FBYDW,2023-10-06,alpaca:corporate-actions:name_change,2026-09-28T02:59:35Z
ODTCD,ODTC,2023-10-06,alpaca:corporate-actions:name_change,2026-09-28T02:59:35Z
VEDU,GV,2023-10-09,alpaca:corporate-actions:name_change,2026-09-28T02:59:35Z
450958202,ICNP,2023-10-10,alpaca:corporate-actions:name_change,2026-09-28T02:59:35Z
SSU,SSUNF,2023-10-12,alpaca:corporate-actions:name_change,2026-09-28T02:59:35Z
BTWN,MNY,2023-10-13,alpaca:corporate-actions:name_change,2026-09-28T02:59:35Z
BTWNW,MNYWW,2023-10-13,alpaca:corporate-actions:name_change,2026-09-28T02:59:35Z
MKUL,MKULQ,2023-10-13,alpaca:corporate-actions:name_change,2026-09-28T02:59:35Z
VNTRQ,VNTRF,2023-10-13,alpaca:corporate-actions:name_change,2026-09-28T02:59:35Z
DTOC,AONC,2023-10-16,alpaca:corporate-actions:name_change,2026-09-28T02:59:35Z
IRNT,IRNTQ,2023-10-16,alpaca:corporate-actions:name_change,2026-09-28T02:59:35Z
640NON018,640CVR015,2023-10-17,alpaca:corporate-actions:name_change,2026-09-28T02:59:35Z
NATL-WI,NATL,2023-10-17,alpaca:corporate-actions:name_change,2026-09-28T02:59:35Z
NCR,VYX,2023-10-17,alpaca:corporate-actions:name_change,2026-09-28T02:59:35Z
RAD,RADCQ,2023-10-17,alpaca:corporate-actions:name_change,2026-09-28T02:59:35Z
RBT-WS,RBTCW,2023-10-17,alpaca:corporate-actions:name_change,2026-09-28T02:59:35Z
VBLT,NTBL,2023-10-17,alpaca:corporate-actions:name_change,2026-09-28T02:59:35Z
SFT,SFTGQ,2023-10-19,alpaca:corporate-actions:name_change,2026-09-28T02:59:35Z
ACAQ,EGOX,2023-10-20,alpaca:corporate-actions:name_change,2026-09-28T02:59:35Z
PCCT,SPEC,2023-10-20,alpaca:corporate-actions:name_change,2026-09-28T02:59:35Z
TALS,TRML,2023-10-20,alpaca:corporate-actions:name_change,2026-09-28T02:59:35Z
RVLP,RVLPQ,2023-10-23,alpaca:corporate-actions:name_change,2026-09-28T02:59:35Z
BIOC,BIOCQ,2023-10-25,alpaca:corporate-actions:name_change,2026-09-28T02:59:35Z
AKU,AKUMQ,2023-10-26,alpaca:corporate-actions:name_change,2026-09-28T02:59:35Z
BRQS,BRQSF,2023-10-27,alpaca:corporate-actions:name_change,2026-09-28T02:59:35Z
DTOCW,AONCW,2023-10-27,alpaca:corporate-actions:name_change,2026-09-28T02:59:35Z
SFR,SFRT,2023-10-27,alpaca:corporate-actions:name_change,2026-09-28T02:59:35Z
EGLX,EGLXF,2023-10-30,alpaca:corporate-actions:name_change,2026-09-28T02:59:35Z
GLG,BYU,2023-10-30,alpaca:corporate-actions:name_change,2026-09-28T02:59:35Z
ACAQ,EGOX,2023-10-31,alpaca:corporate-actions:name_change,2026-09-28T02:59:35Z
CBIO,GYRE,2023-10-31,alpaca:corporate-actions:name_change,2026-09-28T02:59:35Z
PCCT,SPEC,2023-10-31,alpaca:corporate-actions:name_change,2026-09-28T02:59:35Z
PCCTW,SPECW,2023-10-31,alpaca:corporate-actions:name_change,2026-09-28T02:59:35Z
BNMV,ROI,2023-11-01,alpaca:corporate-actions:name_change,2026-09-28T02:59:35Z
FRBN,ENGN,2023-11-01,alpaca:corporate-actions:name_change,2026-09-28T02:59:35Z
FRBNW,ENGNW,2023-11-01,alpaca:corporate-actions:name_change,2026-09-28T02:59:35Z
GLSH,GLSHQ,2023-11-01,alpaca:corporate-actions:name_change,2026-09-28T02:59:35Z
NLS,BFX,2023-11-01,alpaca:corporate-actions:name_change,2026-09-28T02:59:35Z
SUNL,SUNLQ,2023-11-01,alpaca:corporate-actions:name_change,2026-09-28T02:59:35Z
MDNA,MDNAF,2023-11-02,alpaca:corporate-actions:name_change,2026-09-28T02:59:35Z
NLOP-WI,NLOP,2023-11-02,alpaca:corporate-actions:name_change,2026-09-28T02:59:35Z
PCYG,TRAK,2023-11-02,alpaca:corporate-actions:name_change,2026-09-28T02:59:35Z
ASPA,CAUD,2023-11-03,alpaca:corporate-actions:name_change,2026-09-28T02:59:35Z
TRCA,CREV,2023-11-03,alpaca:corporate-actions:name_change,2026-09-28T02:59:35Z
TRCA-WS,CREVW,2023-11-03,alpaca:corporate-actions:name_change,2026-09-28T02:59:35Z
WKEYV,WKEY,2023-11-03,alpaca:corporate-actions:name_change,2026-09-28T02:59:35Z
AMAO,RMCO,2023-11-06,alpaca:corporate-actions:name_change,2026-09-28T02:59:35Z
AMAOW,RMCOW,2023-11-06,alpaca:corporate-actions:name_change,2026-09-28T02:59:35Z
ARTEW,ARTE-W,2023-11-06,alpaca:corporate-actions:name_change,2026-09-28T02:59:35Z
FREQ,KRRO,2023-11-06,alpaca:corporate-actions:name_change,2026-09-28T02:59:35Z
OSTK,BYON,2023-11-06,alpaca:corporate-actions:name_change,2026-09-28T02:59:35Z
VACC,BRNS,2023-11-07,alpaca:corporate-actions:name_change,2026-09-28T02:59:35Z
DKDCA,ONMD,2023-11-08,alpaca:corporate-actions:name_change,2026-09-28T02:59:35Z
DKDCW,ONMDW,2023-11-08,alpaca:corporate-actions:name_change,2026-09-28T02:59:35Z
OLIT,OPTX,2023-11-08,alpaca:corporate-actions:name_change,2026-09-28T02:59:35Z
OLITW,OPTXW,2023-11-08,alpaca:corporate-actions:name_change,2026-09-28T02:59:35Z
WE,WEWKQ,2023-11-08,alpaca:corporate-actions:name_change,2026-09-28T02:59:35Z
WWAC,AERT,2023-11-08,alpaca:corporate-actions:name_change,2026-09-28T02:59:35Z
WWACW,AERTW,2023-11-08,alpaca:corporate-actions:name_change,2026-09-28T02:59:35Z
BIGT,MAGS,2023-11-09,alpaca:corporate-actions:name_change,2026-09-28T02:59:35Z
GSMG,CHR,2023-11-09,alpaca:corporate-actions:name_change,2026-09-28T02:59:35Z
UFAB,UFABQ,2023-11-10,alpaca:corporate-actions:name_change,2026-09-28T02:59:35Z
SELB,RNAC,2023-11-14,alpaca:corporate-actions:name_change,2026-09-28T02:59:35Z
SQL,SEQL,2023-11-14,alpaca:corporate-actions:name_change,2026-09-28T02:59:35Z
ASPA,CAUD,2023-11-15,alpaca:corporate-actions:name_change,2026-09-28T02:59:35Z
JGGC,CAPT,2023-11-16,alpaca:corporate-actions:name_change,2026-09-28T02:59:35Z
JGGCW,CAPTW,2023-11-16,alpaca:corporate-actions:name_change,2026-09-28T02:59:35Z
MURAV,MURA,2023-11-16,alpaca:corporate-actions:name_change,2026-09-28T02:59:35Z
PYR,PYRGF,2023-11-16,alpaca:corporate-actions:name_change,2026-09-28T02:59:35Z
WE,WEKWQ,2023-11-16,alpaca:corporate-actions:name_change,2026-09-28T02:59:35Z
WE,WEWKQ,2023-11-16,alpaca:corporate-actions:name_change,2026-09-28T02:59:35Z
MF,MFLTF,2023-11-17,alpaca:corporate-actions:name_change,2026-09-28T02:59:35Z
MOXC,ABTS,2023-11-17,alpaca:corporate-actions:name_change,2026-09-28T02:59:35Z
MFLTF,MFLTY,2023-11-20,alpaca:corporate-actions:name_change,2026-09-28T02:59:35Z
DKDCA,ONMD,2023-11-21,alpaca:corporate-actions:name_change,2026-09-28T02:59:35Z
LOVLY,LOVLQ,2023-11-21,alpaca:corporate-actions:name_change,2026-09-28T02:59:35Z
NRGX,PDX,2023-11-21,alpaca:corporate-actions:name_change,2026-09-28T02:59:35Z
ITCL,ITCLY,2023-11-22,alpaca:corporate-actions:name_change,2026-09-28T02:59:35Z
SRV-RTWI,SRV-RT,2023-11-22,alpaca:corporate-actions:name_change,2026-09-28T02:59:35Z
AGIL,AGILQ,2023-11-24,alpaca:corporate-actions:name_change,2026-09-28T02:59:35Z
AGLE,SYRE,2023-11-28,alpaca:corporate-actions:name_change,2026-09-28T02:59:35Z
BLHY,VSHY,2023-11-28,alpaca:corporate-actions:name_change,2026-09-28T02:59:35Z
CFFE,XBP,2023-11-30,alpaca:corporate-actions:name_change,2026-09-28T02:59:35Z
CFFEW,XBPEW,2023-11-30,alpaca:corporate-actions:name_change,2026-09-28T02:59:35Z
TMBR,TMBRQ,2023-11-30,alpaca:corporate-actions:name_change,2026-09-28T02:59:35Z
WS-WI,WS,2023-12-01,alpaca:corporate-actions:name_change,2026-09-28T02:59:35Z
CORR-PRA,CORRL,2023-12-04,alpaca:corporate-actions:name_change,2026-09-28T02:59:35Z
PACI,SOAR,2023-12-04,alpaca:corporate-actions:name_change,2026-09-28T02:59:35Z
PACI-WS,SOAR-WS,2023-12-04,alpaca:corporate-actions:name_change,2026-09-28T02:59:35Z
CFRX,CFRXQ,2023-12-06,alpaca:corporate-actions:name_change,2026-09-28T02:59:35Z
MOBVW,SVMHW,2023-12-11,alpaca:corporate-actions:name_change,2026-09-28T02:59:35Z
UPH,UPHL,2023-12-12,alpaca:corporate-actions:name_change,2026-09-28T02:59:35Z
EFHT,ECDA,2023-12-13,alpaca:corporate-actions:name_change,2026-09-28T02:59:35Z
EFHTW,ECDAW,2023-12-13,alpaca:corporate-actions:name_change,2026-09-28T02:59:35Z
GEHI,MYND,2023-12-13,alpaca:corporate-actions:name_change,2026-09-28T02:59:35Z
TMPO,TMPOQ,2023-12-14,alpaca:corporate-actions:name_change,2026-09-28T02:59:35Z
VIIAW,BNZIW,2023-12-15,alpaca:corporate-actions:name_change,2026-09-28T02:59:35Z
IGN,IDGT,2023-12-18,alpaca:corporate-actions:name_change,2026-09-28T02:59:35Z
TRKA,TRKAQ,2023-12-18,alpaca:corporate-actions:name_change,2026-09-28T02:59:35Z
NETC,VSTE,2023-12-19,alpaca:corporate-actions:name_change,2026-09-28T02:59:35Z
NETC-WS,VSTEW,2023-12-19,alpaca:corporate-actions:name_change,2026-09-28T02:59:35Z
NIR,NIRQ,2023-12-19,alpaca:corporate-actions:name_change,2026-09-28T02:59:35Z
NLTX,NGNE,2023-12-19,alpaca:corporate-actions:name_change,2026-09-28T02:59:35Z
VII,BNZI,2023-12-19,alpaca:corporate-actions:name_change,2026-09-28T02:59:35Z
WKEYV,WKEY,2023-12-19,alpaca:corporate-actions:name_change,2026-09-28T02:59:35Z
CDLR-WI,CDLR,2023-12-20,alpaca:corporate-actions:name_change,2026-09-28T02:59:35Z
FTCH,FTCHF,2023-12-20,alpaca:corporate-actions:name_change,2026-09-28T02:59:35Z
BRDS,BRDSQ,2023-12-21,alpaca:corporate-actions:name_change,2026-09-28T02:59:35Z
EFHT,ECDA,2023-12-21,alpaca:corporate-actions:name_change,2026-09-28T02:59:35Z
HCDI,HCDIQ,2023-12-21,alpaca:corporate-actions:name_change,2026-09-28T02:59:35Z
HCDIP,HCDIPQ,2023-12-21,alpaca:corporate-actions:name_change,2026-09-28T02:59:35Z
IMPL,IMPLQ,2023-12-21,alpaca:corporate-actions:name_change,2026-09-28T02:59:35Z
BWV,ONCO,2023-12-22,alpaca:corporate-actions:name_change,2026-09-28T02:59:35Z
BYTS,AISP,2023-12-22,alpaca:corporate-actions:name_change,2026-09-28T02:59:35Z
BYTSW,AISPW,2023-12-22,alpaca:corporate-actions:name_change,2026-09-28T02:59:35Z
CLAY,MOBX,2023-12-22,alpaca:corporate-actions:name_change,2026-09-28T02:59:35Z
CLAYW,MOBXW,2023-12-22,alpaca:corporate-actions:name_change,2026-09-28T02:59:35Z
DUNE,HGAS,2023-12-22,alpaca:corporate-actions:name_change,2026-09-28T02:59:35Z
NOGN,NOGNQ,2023-12-22,alpaca:corporate-actions:name_change,2026-09-28T02:59:35Z
PRSR,LDTC,2023-12-22,alpaca:corporate-actions:name_change,2026-09-28T02:59:35Z
PRSRW,LDTCW,2023-12-22,alpaca:corporate-actions:name_change,2026-09-28T02:59:35Z
NETC,VSTE,2023-12-26,alpaca:corporate-actions:name_change,2026-09-28T02:59:35Z
CLIN,ALCE,2023-12-27,alpaca:corporate-actions:name_change,2026-09-28T02:59:35Z
ID,IDICQ,2023-12-27,alpaca:corporate-actions:name_change,2026-09-28T02:59:35Z
EBIX,EBIXQ,2023-12-28,alpaca:corporate-actions:name_change,2026-09-28T02:59:35Z
EGGF,FLYX,2023-12-28,alpaca:corporate-actions:name_change,2026-09-28T02:59:35Z
IOAC,ZCAR,2023-12-29,alpaca:corporate-actions:name_change,2026-09-28T02:59:35Z
IOACW,ZCARW,2023-12-29,alpaca:corporate-actions:name_change,2026-09-28T02:59:35Z
BYN,PNST,2024-01-02,alpaca:corporate-actions:name_change,2026-09-28T02:59:35Z
BYN-WS,PNST-WS,2024-01-02,alpaca:corporate-actions:name_change,2026-09-28T02:59:35Z
GIM,SABA,2024-01-02,alpaca:corporate-actions:name_change,2026-09-28T02:59:35Z
PACWP,BANC-PRF,2024-01-02,alpaca:corporate-actions:name_change,2026-09-28T02:59:35Z
VCXAW,AAGRW,2024-01-02,alpaca:corporate-actions:name_change,2026-09-28T02:59:35Z
VYNT,929ESC010,2024-01-03,alpaca:corporate-actions:name_change,2026-09-28T02:59:35Z
ADEX,GRIF,2024-01-04,alpaca:corporate-actions:name_change,2026-09-28T02:59:35Z
RPT-PRD,KIM-PRN,2024-01-04,alpaca:corporate-actions:name_change,2026-09-28T02:59:35Z
HGEN,HGENQ,2024-01-05,alpaca:corporate-actions:name_change,2026-09-28T02:59:35Z
ACAX,HWH,2024-01-09,alpaca:corporate-actions:name_change,2026-09-28T02:59:35Z
ATHX,ATHXQ,2024-01-09,alpaca:corporate-actions:name_change,2026-09-28T02:59:35Z
AUDA,AUDAQ,2024-01-09,alpaca:corporate-actions:name_change,2026-09-28T02:59:35Z
LMDX,LMDXF,2024-01-09,alpaca:corporate-actions:name_change,2026-09-28T02:59:35Z
VNTRF,VNTRD,2024-01-09,alpaca:corporate-actions:name_change,2026-09-28T02:59:35Z
ACRX,TLPH,2024-01-10,alpaca:corporate-actions:name_change,2026-09-28T02:59:35Z
TEDU,TCTM,2024-01-10,alpaca:corporate-actions:name_change,2026-09-28T02:59:35Z
TRMR,NEXN,2024-01-10,alpaca:corporate-actions:name_change,2026-09-28T02:59:35Z
CSTA,CSTAF,2024-01-16,alpaca:corporate-actions:name_change,2026-09-28T02:59:35Z
PTHR,HOVR,2024-01-16,alpaca:corporate-actions:name_change,2026-09-28T02:59:35Z
PTHRW,HOVRW,2024-01-16,alpaca:corporate-actions:name_change,2026-09-28T02:59:35Z
LAZY,GORV,2024-01-17,alpaca:corporate-actions:name_change,2026-09-28T02:59:35Z
PRET,PRETQ,2024-01-18,alpaca:corporate-actions:name_change,2026-09-28T02:59:35Z
AAIC-PRB,EFC-PRD,2024-01-19,alpaca:corporate-actions:name_change,2026-09-28T02:59:35Z
AAIC-PRC,EFC-PRE,2024-01-19,alpaca:corporate-actions:name_change,2026-09-28T02:59:35Z
NFTG,GXAI,2024-01-19,alpaca:corporate-actions:name_change,2026-09-28T02:59:35Z
LIZI,SOGP,2024-01-25,alpaca:corporate-actions:name_change,2026-09-28T02:59:35Z
NCAC,PBM,2024-01-26,alpaca:corporate-actions:name_change,2026-09-28T02:59:35Z
NCACW,PBMWW,2024-01-26,alpaca:corporate-actions:name_change,2026-09-28T02:59:35Z
SMAP,MSAI,2024-01-26,alpaca:corporate-actions:name_change,2026-09-28T02:59:35Z
SMAPW,MSAIW,2024-01-26,alpaca:corporate-actions:name_change,2026-09-28T02:59:35Z
BHG,NEUE,2024-01-29,alpaca:corporate-actions:name_change,2026-09-28T02:59:35Z
GOL,GOLLQ,2024-01-29,alpaca:corporate-actions:name_change,2026-09-28T02:59:35Z
GRIF,GRDI,2024-01-29,alpaca:corporate-actions:name_change,2026-09-28T02:59:35Z
MONDY,MONDD,2024-01-29,alpaca:corporate-actions:name_change,2026-09-28T02:59:35Z
PRVT,REAI,2024-01-29,alpaca:corporate-actions:name_change,2026-09-28T02:59:35Z
ARVL,ARVLF,2024-01-30,alpaca:corporate-actions:name_change,2026-09-28T02:59:35Z
PBTS,XTKG,2024-01-30,alpaca:corporate-actions:name_change,2026-09-28T02:59:35Z
RWLK,LFWD,2024-01-30,alpaca:corporate-actions:name_change,2026-09-28T02:59:35Z
0Y37,WRDD,2024-02-01,alpaca:corporate-actions:name_change,2026-09-28T02:59:35Z
ADES,ARQ,2024-02-01,alpaca:corporate-actions:name_change,2026-09-28T02:59:35Z
CDAY,DAY,2024-02-01,alpaca:corporate-actions:name_change,2026-09-28T02:59:35Z
DCMB,DCRE,2024-02-01,alpaca:corporate-actions:name_change,2026-09-28T02:59:35Z
DMAQ,TRUG,2024-02-01,alpaca:corporate-actions:name_change,2026-09-28T02:59:35Z
GLDB,GOLY,2024-02-01,alpaca:corporate-actions:name_change,2026-09-28T02:59:35Z
HIX-RTWI,HIX-RT,2024-02-01,alpaca:corporate-actions:name_change,2026-09-28T02:59:35Z
DUNE,HGAS,2024-02-02,alpaca:corporate-actions:name_change,2026-09-28T02:59:35Z
DUNEW,HGASW,2024-02-02,alpaca:corporate-actions:name_change,2026-09-28T02:59:35Z
EGGF-WS,FLYX-WS,2024-02-02,alpaca:corporate-actions:name_change,2026-09-28T02:59:35Z
CVII-U,CVIIU,2024-02-05,alpaca:corporate-actions:name_change,2026-09-28T02:59:35Z
CVII-WS,CVIIW,2024-02-05,alpaca:corporate-actions:name_change,2026-09-28T02:59:35Z
NUBI,STI,2024-02-05,alpaca:corporate-actions:name_change,2026-09-28T02:59:35Z
CANO,CANOQ,2024-02-06,alpaca:corporate-actions:name_change,2026-09-28T02:59:35Z
NHWK,SCPX,2024-02-06,alpaca:corporate-actions:name_change,2026-09-28T02:59:35Z
DMK,DMKPQ,2024-02-07,alpaca:corporate-actions:name_change,2026-09-28T02:59:35Z
KBUF,KPRO,2024-02-07,alpaca:corporate-actions:name_change,2026-09-28T02:59:35Z
VNTRD,VNTRF,2024-02-07,alpaca:corporate-actions:name_change,2026-09-28T02:59:35Z
KPRO,KBUF,2024-02-08,alpaca:corporate-actions:name_change,2026-09-28T02:59:35Z
OXUS,BRLS,2024-02-08,alpaca:corporate-actions:name_change,2026-09-28T02:59:35Z
OXUSW,BRLSW,2024-02-08,alpaca:corporate-actions:name_change,2026-09-28T02:59:35Z
ALYA,ALYAF,2024-02-09,alpaca:corporate-actions:name_change,2026-09-28T02:59:35Z
ATAK,DHAI,2024-02-09,alpaca:corporate-actions:name_change,2026-09-28T02:59:35Z
ATAKW,DHAIW,2024-02-09,alpaca:corporate-actions:name_change,2026-09-28T02:59:35Z
KERN,GRYP,2024-02-09,alpaca:corporate-actions:name_change,2026-09-28T02:59:35Z
APTM,PLMJ,2024-02-12,alpaca:corporate-actions:name_change,2026-09-28T02:59:35Z
APTMU,PLMJU,2024-02-12,alpaca:corporate-actions:name_change,2026-09-28T02:59:35Z
APTMW,PLMJW,2024-02-12,alpaca:corporate-actions:name_change,2026-09-28T02:59:35Z
NTCO,NTCOY,2024-02-12,alpaca:corporate-actions:name_change,2026-09-28T02:59:35Z
QFTA,ATCH,2024-02-12,alpaca:corporate-actions:name_change,2026-09-28T02:59:35Z
SFE,SFES,2024-02-12,alpaca:corporate-actions:name_change,2026-09-28T02:59:35Z
AEY,AEYGQ,2024-02-13,alpaca:corporate-actions:name_change,2026-09-28T02:59:35Z
MDVL,MDVLQ,2024-02-13,alpaca:corporate-actions:name_change,2026-09-28T02:59:35Z
NVIV,NVIVQ,2024-02-13,alpaca:corporate-actions:name_change,2026-09-28T02:59:35Z
SEAS,PRKS,2024-02-13,alpaca:corporate-actions:name_change,2026-09-28T02:59:35Z
SRC-PRA,O-PR,2024-02-13,alpaca:corporate-actions:name_change,2026-09-28T02:59:35Z
NSTG,NSTGQ,2024-02-14,alpaca:corporate-actions:name_change,2026-09-28T02:59:35Z
LGST,TVGN,2024-02-15,alpaca:corporate-actions:name_change,2026-09-28T02:59:35Z
LGSTW,TVGNW,2024-02-15,alpaca:corporate-actions:name_change,2026-09-28T02:59:35Z
NVTA,NVTAQ,2024-02-15,alpaca:corporate-actions:name_change,2026-09-28T02:59:35Z
PBAX,CERO,2024-02-15,alpaca:corporate-actions:name_change,2026-09-28T02:59:35Z
PBAXW,CEROW,2024-02-15,alpaca:corporate-actions:name_change,2026-09-28T02:59:35Z
SUNW,SUNWQ,2024-02-15,alpaca:corporate-actions:name_change,2026-09-28T02:59:35Z
CHEA,SELX,2024-02-16,alpaca:corporate-actions:name_change,2026-09-28T02:59:35Z
JT,JTCHY,2024-02-21,alpaca:corporate-actions:name_change,2026-09-28T02:59:35Z
VOCLD,CRTD,2024-02-21,alpaca:corporate-actions:name_change,2026-09-28T02:59:35Z
SIEN,SIENQ,2024-02-22,alpaca:corporate-actions:name_change,2026-09-28T02:59:35Z
LCAA,LOT,2024-02-23,alpaca:corporate-actions:name_change,2026-09-28T02:59:35Z
LCAAW,LOTWW,2024-02-23,alpaca:corporate-actions:name_change,2026-09-28T02:59:35Z
AMEH,ASTH,2024-02-26,alpaca:corporate-actions:name_change,2026-09-28T02:59:35Z
FGRO,FFLG,2024-02-26,alpaca:corporate-actions:name_change,2026-09-28T02:59:35Z
FMIL,FFLC,2024-02-26,alpaca:corporate-actions:name_change,2026-09-28T02:59:35Z
FSMO,FFSM,2024-02-26,alpaca:corporate-actions:name_change,2026-09-28T02:59:35Z
GBNH,GBNHF,2024-02-26,alpaca:corporate-actions:name_change,2026-09-28T02:59:35Z
CORR,CORRQ,2024-02-27,alpaca:corporate-actions:name_change,2026-09-28T02:59:35Z
CORRL,CORRLQ,2024-02-27,alpaca:corporate-actions:name_change,2026-09-28T02:59:35Z
TMST,MTUS,2024-02-27,alpaca:corporate-actions:name_change,2026-09-28T02:59:35Z
ROI,ROII,2024-02-28,alpaca:corporate-actions:name_change,2026-09-28T02:59:35Z
SZZL,CRML,2024-02-28,alpaca:corporate-actions:name_change,2026-09-28T02:59:35Z
SZZLW,CRMLW,2024-02-28,alpaca:corporate-actions:name_change,2026-09-28T02:59:35Z
MONDD,MONDY,2024-02-29,alpaca:corporate-actions:name_change,2026-09-28T02:59:35Z
ARIZ,FUFU,2024-03-01,alpaca:corporate-actions:name_change,2026-09-28T02:59:35Z
ARIZW,FUFUW,2024-03-01,alpaca:corporate-actions:name_change,2026-09-28T02:59:35Z
BXRX,BXRXQ,2024-03-01,alpaca:corporate-actions:name_change,2026-09-28T02:59:35Z
FGH,FGF,2024-03-01,alpaca:corporate-actions:name_change,2026-09-28T02:59:35Z
TIO,TIOG,2024-03-01,alpaca:corporate-actions:name_change,2026-09-28T02:59:35Z
BODY,BODI,2024-03-04,alpaca:corporate-actions:name_change,2026-09-28T02:59:35Z
CPSI,TBRG,2024-03-04,alpaca:corporate-actions:name_change,2026-09-28T02:59:35Z
FLME-WS,SOC-WS,2024-03-04,alpaca:corporate-actions:name_change,2026-09-28T02:59:35Z
GLDX,USG,2024-03-04,alpaca:corporate-actions:name_change,2026-09-28T02:59:35Z
PEAK,DOC,2024-03-04,alpaca:corporate-actions:name_change,2026-09-28T02:59:35Z
POL,POLC,2024-03-04,alpaca:corporate-actions:name_change,2026-09-28T02:59:35Z
RNLC,SHRY,2024-03-04,alpaca:corporate-actions:name_change,2026-09-28T02:59:35Z
VHAQ-RT,VHAQR,2024-03-04,alpaca:corporate-actions:name_change,2026-09-28T02:59:35Z
GIA,QTI,2024-03-05,alpaca:corporate-actions:name_change,2026-09-28T02:59:35Z
OCEL,ZEOX,2024-03-05,alpaca:corporate-actions:name_change,2026-09-28T02:59:35Z
BFX,BFXXQ,2024-03-06,alpaca:corporate-actions:name_change,2026-09-28T02:59:35Z
BETS,BETSF,2024-03-07,alpaca:corporate-actions:name_change,2026-09-28T02:59:35Z
NEPT,NEPTF,2024-03-07,alpaca:corporate-actions:name_change,2026-09-28T02:59:35Z
CRGE,CRGEQ,2024-03-08,alpaca:corporate-actions:name_change,2026-09-28T02:59:35Z
JTCHY,AIJTY,2024-03-08,alpaca:corporate-actions:name_change,2026-09-28T02:59:35Z
POLC,POLCQ,2024-03-11,alpaca:corporate-actions:name_change,2026-09-28T02:59:35Z
IRRX-WS,IRRXW,2024-03-12,alpaca:corporate-actions:name_change,2026-09-28T02:59:35Z
LBBB,NMHI,2024-03-12,alpaca:corporate-actions:name_change,2026-09-28T02:59:35Z
LBBBW,NMHIW,2024-03-12,alpaca:corporate-actions:name_change,2026-09-28T02:59:35Z
INPX,XTIA,2024-03-13,alpaca:corporate-actions:name_change,2026-09-28T02:59:35Z
SASI,NTRP,2024-03-13,alpaca:corporate-actions:name_change,2026-09-28T02:59:35Z
ESAC,ZEO,2024-03-14,alpaca:corporate-actions:name_change,2026-09-28T02:59:35Z
ESACW,ZEOWW,2024-03-14,alpaca:corporate-actions:name_change,2026-09-28T02:59:35Z
RIDEQ,NRDE,2024-03-14,alpaca:corporate-actions:name_change,2026-09-28T02:59:35Z
DHCA,BNAI,2024-03-15,alpaca:corporate-actions:name_change,2026-09-28T02:59:35Z
DHCAW,BNAIW,2024-03-15,alpaca:corporate-actions:name_change,2026-09-28T02:59:35Z
ENCP,GTI,2024-03-15,alpaca:corporate-actions:name_change,2026-09-28T02:59:35Z
XPDB,AIRJ,2024-03-15,alpaca:corporate-actions:name_change,2026-09-28T02:59:35Z
XPDBW,AIRJW,2024-03-15,alpaca:corporate-actions:name_change,2026-09-28T02:59:35Z
CTOS-WS,CTOSW,2024-03-18,alpaca:corporate-actions:name_change,2026-09-28T02:59:35Z
CYT,CYTT,2024-03-18,alpaca:corporate-actions:name_change,2026-09-28T02:59:35Z
PUYI,HPH,2024-03-18,alpaca:corporate-actions:name_change,2026-09-28T02:59:35Z
LIAN,LIANY,2024-03-19,alpaca:corporate-actions:name_change,2026-09-28T02:59:35Z
SVFD,NITO,2024-03-19,alpaca:corporate-actions:name_change,2026-09-28T02:59:35Z
HCMA,MRNO,2024-03-21,alpaca:corporate-actions:name_change,2026-09-28T02:59:35Z
HCMAW,MRNOW,2024-03-21,alpaca:corporate-actions:name_change,2026-09-28T02:59:35Z
ADOC,COOT,2024-03-22,alpaca:corporate-actions:name_change,2026-09-28T02:59:35Z
ADOCW,COOTW,2024-03-22,alpaca:corporate-actions:name_change,2026-09-28T02:59:35Z
FLT,CPAY,2024-03-25,alpaca:corporate-actions:name_change,2026-09-28T02:59:35Z
RYJ,UPGD,2024-03-25,alpaca:corporate-actions:name_change,2026-09-28T02:59:35Z
CURO,CUROQ,2024-03-26,alpaca:corporate-actions:name_change,2026-09-28T02:59:35Z
DWAC,DJT,2024-03-26,alpaca:corporate-actions:name_change,2026-09-28T02:59:35Z
DWACW,DJTWW,2024-03-26,alpaca:corporate-actions:name_change,2026-09-28T02:59:35Z
FIXX,QTTB,2024-03-26,alpaca:corporate-actions:name_change,2026-09-28T02:59:35Z
FSR,FSRN,2024-03-26,alpaca:corporate-actions:name_change,2026-09-28T02:59:35Z
YGF,YGFGF,2024-03-26,alpaca:corporate-actions:name_change,2026-09-28T02:59:35Z
AGE,SER,2024-03-27,alpaca:corporate-actions:name_change,2026-09-28T02:59:35Z
CNDB-WS,GCTS-WS,2024-03-27,alpaca:corporate-actions:name_change,2026-09-28T02:59:35Z
BLCM,079ESC026,2024-03-28,alpaca:corporate-actions:name_change,2026-09-28T02:59:35Z
JOAN,JOANQ,2024-03-28,alpaca:corporate-actions:name_change,2026-09-28T02:59:35Z
TWOA,LPA,2024-03-28,alpaca:corporate-actions:name_change,2026-09-28T02:59:35Z
CVCY,CWBC,2024-04-01,alpaca:corporate-actions:name_change,2026-09-28T02:59:35Z
SOLV-WI,SOLV,2024-04-01,alpaca:corporate-actions:name_change,2026-09-28T02:59:35Z
VPN,DTCR,2024-04-01,alpaca:corporate-actions:name_change,2026-09-28T02:59:35Z
WNNR,ZPTA,2024-04-01,alpaca:corporate-actions:name_change,2026-09-28T02:59:35Z
WNNR-WS,ZPTAW,2024-04-01,alpaca:corporate-actions:name_change,2026-09-28T02:59:35Z
GEV-WI,GEV,2024-04-02,alpaca:corporate-actions:name_change,2026-09-28T02:59:35Z
MIMO,MIMOQ,2024-04-02,alpaca:corporate-actions:name_change,2026-09-28T02:59:35Z
PCRFY,PCRHY,2024-04-02,alpaca:corporate-actions:name_change,2026-09-28T02:59:35Z
WETG,NXTT,2024-04-02,alpaca:corporate-actions:name_change,2026-09-28T02:59:35Z
APAC,FAAS,2024-04-03,alpaca:corporate-actions:name_change,2026-09-28T02:59:35Z
APACW,FAASW,2024-04-03,alpaca:corporate-actions:name_change,2026-09-28T02:59:35Z
ASAP,ASAPQ,2024-04-03,alpaca:corporate-actions:name_change,2026-09-28T02:59:35Z
ONTX,TRAW,2024-04-03,alpaca:corporate-actions:name_change,2026-09-28T02:59:35Z
ASCA,NIVF,2024-04-04,alpaca:corporate-actions:name_change,2026-09-28T02:59:35Z
ASCAW,NIVFW,2024-04-04,alpaca:corporate-actions:name_change,2026-09-28T02:59:35Z
MCAF,G2071T109,2024-04-04,alpaca:corporate-actions:name_change,2026-09-28T02:59:35Z
MTBL,MTBLY,2024-04-04,alpaca:corporate-actions:name_change,2026-09-28T02:59:35Z
AAU,AAUAF,2024-04-05,alpaca:corporate-actions:name_change,2026-09-28T02:59:35Z
CASA,CASSQ,2024-04-05,alpaca:corporate-actions:name_change,2026-09-28T02:59:35Z
KYCH,ZOOZ,2024-04-05,alpaca:corporate-actions:name_change,2026-09-28T02:59:35Z
KYCHW,ZOOZW,2024-04-05,alpaca:corporate-actions:name_change,2026-09-28T02:59:35Z
SNPX,TAOX,2024-04-05,alpaca:corporate-actions:name_change,2026-09-28T02:59:35Z
VIEW,VIEWQ,2024-04-05,alpaca:corporate-actions:name_change,2026-09-28T02:59:35Z
VIEWW,VIWWQ,2024-04-05,alpaca:corporate-actions:name_change,2026-09-28T02:59:35Z
GAQ-WS,GAQWF,2024-04-08,alpaca:corporate-actions:name_change,2026-09-28T02:59:35Z
GMDA,GMDAQ,2024-04-08,alpaca:corporate-actions:name_change,2026-09-28T02:59:35Z
STRC,PDYN,2024-04-08,alpaca:corporate-actions:name_change,2026-09-28T02:59:35Z
STRCW,PDYNW,2024-04-08,alpaca:corporate-actions:name_change,2026-09-28T02:59:35Z
WNNR-WS,ZPTAW,2024-04-10,alpaca:corporate-actions:name_change,2026-09-28T02:59:35Z
EIGR,EIGRQ,2024-04-11,alpaca:corporate-actions:name_change,2026-09-28T02:59:35Z
ACOR,ACORQ,2024-04-12,alpaca:corporate-actions:name_change,2026-09-28T02:59:35Z
LEJU,LEJUY,2024-04-12,alpaca:corporate-actions:name_change,2026-09-28T02:59:35Z
CNXA,YYAI,2024-04-15,alpaca:corporate-actions:name_change,2026-09-28T02:59:35Z
SRNEQ,SRNE,2024-04-15,alpaca:corporate-actions:name_change,2026-09-28T02:59:35Z
ARRW,AILE,2024-04-17,alpaca:corporate-actions:name_change,2026-09-28T02:59:35Z
ARRWW,AILEW,2024-04-17,alpaca:corporate-actions:name_change,2026-09-28T02:59:35Z
MDGS,XLYO,2024-04-18,alpaca:corporate-actions:name_change,2026-09-28T02:59:35Z
OSA,OSAP,2024-04-18,alpaca:corporate-actions:name_change,2026-09-28T02:59:35Z
OSAAW,OSAPW,2024-04-18,alpaca:corporate-actions:name_change,2026-09-28T02:59:35Z
CBD,CBDBY,2024-04-19,alpaca:corporate-actions:name_change,2026-09-28T02:59:35Z
GGE,GGEI,2024-04-19,alpaca:corporate-actions:name_change,2026-09-28T02:59:35Z
XLYO,XYLO,2024-04-19,alpaca:corporate-actions:name_change,2026-09-28T02:59:35Z
DCFC,DCFCQ,2024-04-22,alpaca:corporate-actions:name_change,2026-09-28T02:59:35Z
DCFCW,DCFWQ,2024-04-22,alpaca:corporate-actions:name_change,2026-09-28T02:59:35Z
IFN-RTWI,IFN-RT,2024-04-22,alpaca:corporate-actions:name_change,2026-09-28T02:59:35Z
EXPR,EXPRQ,2024-04-23,alpaca:corporate-actions:name_change,2026-09-28T02:59:35Z
RMGC,RMGCF,2024-04-23,alpaca:corporate-actions:name_change,2026-09-28T02:59:35Z
RMGCW,RMGWF,2024-04-23,alpaca:corporate-actions:name_change,2026-09-28T02:59:35Z
SEVCQ,SEVCF,2024-04-25,alpaca:corporate-actions:name_change,2026-09-28T02:59:35Z
USCTW,USTWF,2024-04-25,alpaca:corporate-actions:name_change,2026-09-28T02:59:35Z
BPTS,BPTSY,2024-04-26,alpaca:corporate-actions:name_change,2026-09-28T02:59:35Z
SECO,SECOY,2024-04-26,alpaca:corporate-actions:name_change,2026-09-28T02:59:35Z
EGOX,EGOXF,2024-05-01,alpaca:corporate-actions:name_change,2026-09-28T02:59:35Z
FUV,FUVV,2024-05-01,alpaca:corporate-actions:name_change,2026-09-28T02:59:35Z
PGSS,SHMD,2024-05-01,alpaca:corporate-actions:name_change,2026-09-28T02:59:35Z
PGSS-WS,SHMDW,2024-05-01,alpaca:corporate-actions:name_change,2026-09-28T02:59:35Z
LGVC,NUVO,2024-05-02,alpaca:corporate-actions:name_change,2026-09-28T02:59:35Z
LGVCW,NUVOW,2024-05-02,alpaca:corporate-actions:name_change,2026-09-28T02:59:35Z
CNDB-WS,GCTS-WS,2024-05-03,alpaca:corporate-actions:name_change,2026-09-28T02:59:35Z
FIF,EIPI,2024-05-06,alpaca:corporate-actions:name_change,2026-09-28T02:59:35Z
APGT,APGTQ,2024-05-07,alpaca:corporate-actions:name_change,2026-09-28T02:59:35Z
ELIQ,ELIQQ,2024-05-07,alpaca:corporate-actions:name_change,2026-09-28T02:59:35Z
ODTCD,ODTC,2024-05-07,alpaca:corporate-actions:name_change,2026-09-28T02:59:35Z
AIB,AIBAF,2024-05-09,alpaca:corporate-actions:name_change,2026-09-28T02:59:35Z
AIBBR,AACRF,2024-05-09,alpaca:corporate-actions:name_change,2026-09-28T02:59:35Z
ETAO,ETAOF,2024-05-09,alpaca:corporate-actions:name_change,2026-09-28T02:59:35Z
OSAP,OSAPQ,2024-05-09,alpaca:corporate-actions:name_change,2026-09-28T02:59:35Z
OSAPW,OSPWQ,2024-05-09,alpaca:corporate-actions:name_change,2026-09-28T02:59:35Z
ALCC,OKLO,2024-05-10,alpaca:corporate-actions:name_change,2026-09-28T02:59:35Z
AEL-PRA,ANG-PRA,2024-05-13,alpaca:corporate-actions:name_change,2026-09-28T02:59:35Z
AEL-PRB,ANG-PRB,2024-05-13,alpaca:corporate-actions:name_change,2026-09-28T02:59:35Z
AMRSQ,032ESC014,2024-05-13,alpaca:corporate-actions:name_change,2026-09-28T02:59:35Z
SCRD,JLQD,2024-05-13,alpaca:corporate-actions:name_change,2026-09-28T02:59:35Z
WISH,LOGC,2024-05-13,alpaca:corporate-actions:name_change,2026-09-28T02:59:35Z
SCRM,LION,2024-05-14,alpaca:corporate-actions:name_change,2026-09-28T02:59:35Z
CPG,VRN,2024-05-15,alpaca:corporate-actions:name_change,2026-09-28T02:59:35Z
CLVR,CLVV,2024-05-17,alpaca:corporate-actions:name_change,2026-09-28T02:59:35Z
FWBI,ENTO,2024-05-17,alpaca:corporate-actions:name_change,2026-09-28T02:59:35Z
LGVC,NUVO,2024-05-17,alpaca:corporate-actions:name_change,2026-09-28T02:59:35Z
BRP,BWIN,2024-05-20,alpaca:corporate-actions:name_change,2026-09-28T02:59:35Z
CLVV,CLVR,2024-05-20,alpaca:corporate-actions:name_change,2026-09-28T02:59:35Z
CNHI,CNH,2024-05-20,alpaca:corporate-actions:name_change,2026-09-28T02:59:35Z
AIH,PAIYY,2024-05-21,alpaca:corporate-actions:name_change,2026-09-28T02:59:35Z
IMHC,TOGI,2024-05-21,alpaca:corporate-actions:name_change,2026-09-28T02:59:35Z
IMHCW,TOGIW,2024-05-21,alpaca:corporate-actions:name_change,2026-09-28T02:59:35Z
CZOO,CZOOF,2024-05-22,alpaca:corporate-actions:name_change,2026-09-28T02:59:35Z
GMDAQ,M47CVR028,2024-05-28,alpaca:corporate-actions:name_change,2026-09-28T02:59:35Z
LGVCW,NUVOW,2024-05-28,alpaca:corporate-actions:name_change,2026-09-28T02:59:35Z
XXXX,SPYU,2024-05-28,alpaca:corporate-actions:name_change,2026-09-28T02:59:35Z
YS,LSB,2024-05-28,alpaca:corporate-actions:name_change,2026-09-28T02:59:35Z
YSBPW,LSBPW,2024-05-28,alpaca:corporate-actions:name_change,2026-09-28T02:59:35Z
AUVI,AUVIQ,2024-05-29,alpaca:corporate-actions:name_change,2026-09-28T02:59:35Z
AUVIP,AUVPQ,2024-05-29,alpaca:corporate-actions:name_change,2026-09-28T02:59:35Z
GMDAQ,M47CVR028,2024-05-29,alpaca:corporate-actions:name_change,2026-09-28T02:59:35Z
FLJ,XHG,2024-05-30,alpaca:corporate-actions:name_change,2026-09-28T02:59:35Z
INXBV,INXB,2024-05-30,alpaca:corporate-actions:name_change,2026-09-28T02:59:35Z
FLLV,INCE,2024-05-31,alpaca:corporate-actions:name_change,2026-09-28T02:59:35Z
INXB,INBX,2024-05-31,alpaca:corporate-actions:name_change,2026-09-28T02:59:35Z
ESGN,INEQ,2024-06-03,alpaca:corporate-actions:name_change,2026-09-28T02:59:35Z
ESGS,EQIN,2024-06-03,alpaca:corporate-actions:name_change,2026-09-28T02:59:35Z
FLLV,INCE,2024-06-03,alpaca:corporate-actions:name_change,2026-09-28T02:59:35Z
STLG,GARP,2024-06-03,alpaca:corporate-actions:name_change,2026-09-28T02:59:35Z
FUSN,361CVR012,2024-06-05,alpaca:corporate-actions:name_change,2026-09-28T02:59:35Z
ISUN,ISUNQ,2024-06-05,alpaca:corporate-actions:name_change,2026-09-28T02:59:35Z
LIFE,ATYR,2024-06-05,alpaca:corporate-actions:name_change,2026-09-28T02:59:35Z
HLTH,HLTHQ,2024-06-06,alpaca:corporate-actions:name_change,2026-09-28T02:59:35Z
SSNT,QXO,2024-06-06,alpaca:corporate-actions:name_change,2026-09-28T02:59:35Z
PLTN,DSY,2024-06-07,alpaca:corporate-actions:name_change,2026-09-28T02:59:35Z
PLTNW,DSYWW,2024-06-07,alpaca:corporate-actions:name_change,2026-09-28T02:59:35Z
OCN,ONIT,2024-06-10,alpaca:corporate-actions:name_change,2026-09-28T02:59:35Z
RNMC,FSCS,2024-06-10,alpaca:corporate-actions:name_change,2026-09-28T02:59:35Z
067BAS012,BNED,2024-06-11,alpaca:corporate-actions:name_change,2026-09-28T02:59:35Z
RBT,RBTC,2024-06-11,alpaca:corporate-actions:name_change,2026-09-28T02:59:35Z
CAMP,CAMPQ,2024-06-12,alpaca:corporate-actions:name_change,2026-09-28T02:59:35Z
BCEL,049ESC015,2024-06-18,alpaca:corporate-actions:name_change,2026-09-28T02:59:35Z
HYDRZZZZ,HYDR,2024-06-18,alpaca:corporate-actions:name_change,2026-09-28T02:59:35Z
FSRN,FSRNQ,2024-06-20,alpaca:corporate-actions:name_change,2026-09-28T02:59:35Z
AVRO,TECX,2024-06-21,alpaca:corporate-actions:name_change,2026-09-28T02:59:35Z
NXG-RTWI,NXG-RT,2024-06-21,alpaca:corporate-actions:name_change,2026-09-28T02:59:35Z
SDEI,DIVY,2024-06-21,alpaca:corporate-actions:name_change,2026-09-28T02:59:35Z
SEQL,ATLN,2024-06-21,alpaca:corporate-actions:name_change,2026-09-28T02:59:35Z
FLFV,AIEV,2024-06-24,alpaca:corporate-actions:name_change,2026-09-28T02:59:35Z
FLFVW,AIEVW,2024-06-24,alpaca:corporate-actions:name_change,2026-09-28T02:59:35Z
RWOD,WENA,2024-06-24,alpaca:corporate-actions:name_change,2026-09-28T02:59:35Z
RWODW,WENAW,2024-06-24,alpaca:corporate-actions:name_change,2026-09-28T02:59:35Z
DHAC,VSEE,2024-06-25,alpaca:corporate-actions:name_change,2026-09-28T02:59:35Z
DHACW,VSEEW,2024-06-25,alpaca:corporate-actions:name_change,2026-09-28T02:59:35Z
GRALV,GRAL,2024-06-25,alpaca:corporate-actions:name_change,2026-09-28T02:59:35Z
IMVIQ,IMVIF,2024-06-25,alpaca:corporate-actions:name_change,2026-09-28T02:59:35Z
DMTK,DMTKQ,2024-06-27,alpaca:corporate-actions:name_change,2026-09-28T02:59:35Z
NSTGQ,630ESC010,2024-06-27,alpaca:corporate-actions:name_change,2026-09-28T02:59:35Z
BRSH,BRSHF,2024-06-28,alpaca:corporate-actions:name_change,2026-09-28T02:59:35Z
BITE,ABVE,2024-07-01,alpaca:corporate-actions:name_change,2026-09-28T02:59:35Z
BITE-WS,ABVE-W,2024-07-01,alpaca:corporate-actions:name_change,2026-09-28T02:59:35Z
BITE-WS,ABVEW,2024-07-01,alpaca:corporate-actions:name_change,2026-09-28T02:59:35Z
BRSHW,BRSWF,2024-07-01,alpaca:corporate-actions:name_change,2026-09-28T02:59:35Z
LSDI,LSDIF,2024-07-01,alpaca:corporate-actions:name_change,2026-09-28T02:59:35Z
PWFL,AIOT,2024-07-01,alpaca:corporate-actions:name_change,2026-09-28T02:59:35Z
TNP,TEN,2024-07-01,alpaca:corporate-actions:name_change,2026-09-28T02:59:35Z
TNP-PRE,TEN-PRE,2024-07-01,alpaca:corporate-actions:name_change,2026-09-28T02:59:35Z
TNP-PRF,TEN-PRF,2024-07-01,alpaca:corporate-actions:name_change,2026-09-28T02:59:35Z
BWAQ,TOYO,2024-07-02,alpaca:corporate-actions:name_change,2026-09-28T02:59:35Z
BWAQW,TOYOW,2024-07-02,alpaca:corporate-actions:name_change,2026-09-28T02:59:35Z
DLA,DLAPQ,2024-07-02,alpaca:corporate-actions:name_change,2026-09-28T02:59:35Z
CSSE,CSSEQ,2024-07-03,alpaca:corporate-actions:name_change,2026-09-28T02:59:35Z
CSSEN,CSSNQ,2024-07-03,alpaca:corporate-actions:name_change,2026-09-28T02:59:35Z
CSSEP,CSSPQ,2024-07-03,alpaca:corporate-actions:name_change,2026-09-28T02:59:35Z
BLUA-WS,BLUAW,2024-07-05,alpaca:corporate-actions:name_change,2026-09-28T02:59:35Z
FOA-WS,FOACW,2024-07-05,alpaca:corporate-actions:name_change,2026-09-28T02:59:35Z
GGT-RTWI,GGT-RT,2024-07-05,alpaca:corporate-actions:name_change,2026-09-28T02:59:35Z
GDNSF,VREOF,2024-07-08,alpaca:corporate-actions:name_change,2026-09-28T02:59:35Z
SFIG,QSIG,2024-07-08,alpaca:corporate-actions:name_change,2026-09-28T02:59:35Z
WFHY,QHY,2024-07-08,alpaca:corporate-actions:name_change,2026-09-28T02:59:35Z
WFIG,QIG,2024-07-08,alpaca:corporate-actions:name_change,2026-09-28T02:59:35Z
WRK,SW,2024-07-08,alpaca:corporate-actions:name_change,2026-09-28T02:59:35Z
GPAC,SDST,2024-07-09,alpaca:corporate-actions:name_change,2026-09-28T02:59:35Z
GPACW,SDSTW,2024-07-09,alpaca:corporate-actions:name_change,2026-09-28T02:59:35Z
CHAA,CGBS,2024-07-10,alpaca:corporate-actions:name_change,2026-09-28T02:59:35Z
IQSA,IQSS,2024-07-10,alpaca:corporate-actions:name_change,2026-09-28T02:59:35Z
SUNSV,SUNS,2024-07-10,alpaca:corporate-actions:name_change,2026-09-28T02:59:35Z
NVLIF,NVPCF,2024-07-11,alpaca:corporate-actions:name_change,2026-09-28T02:59:35Z
FTCHF,FTCHQ,2024-07-12,alpaca:corporate-actions:name_change,2026-09-28T02:59:35Z
OGGIF,CLDVF,2024-07-12,alpaca:corporate-actions:name_change,2026-09-28T02:59:35Z
EURN,CMBT,2024-07-15,alpaca:corporate-actions:name_change,2026-09-28T02:59:35Z
JAN,ALTS,2024-07-15,alpaca:corporate-actions:name_change,2026-09-28T02:59:35Z
MCAC,CNTM,2024-07-15,alpaca:corporate-actions:name_change,2026-09-28T02:59:35Z
SHPW,SHPWQ,2024-07-17,alpaca:corporate-actions:name_change,2026-09-28T02:59:35Z
SHPWW,SHPSQ,2024-07-17,alpaca:corporate-actions:name_change,2026-09-28T02:59:35Z
SCPX,SCPXD,2024-07-18,alpaca:corporate-actions:name_change,2026-09-28T02:59:35Z
AIBAF,PSIG,2024-07-19,alpaca:corporate-actions:name_change,2026-09-28T02:59:35Z
HYW,STEC,2024-07-19,alpaca:corporate-actions:name_change,2026-09-28T02:59:35Z
CUROQ,231CVR010,2024-07-22,alpaca:corporate-actions:name_change,2026-09-28T02:59:35Z
FIVG,SIXG,2024-07-22,alpaca:corporate-actions:name_change,2026-09-28T02:59:35Z
KLDW,KNO,2024-07-22,alpaca:corporate-actions:name_change,2026-09-28T02:59:35Z
BURU,BURUD,2024-07-24,alpaca:corporate-actions:name_change,2026-09-28T02:59:35Z
MYMD,TNFA,2024-07-24,alpaca:corporate-actions:name_change,2026-09-28T02:59:35Z
NFYS,NFSCF,2024-07-25,alpaca:corporate-actions:name_change,2026-09-28T02:59:35Z
NFYS-WS,NFSWF,2024-07-25,alpaca:corporate-actions:name_change,2026-09-28T02:59:35Z
SLNA,SLNAF,2024-07-29,alpaca:corporate-actions:name_change,2026-09-28T02:59:35Z
SLNAW,SLNWF,2024-07-29,alpaca:corporate-actions:name_change,2026-09-28T02:59:35Z
PEGR,PITA,2024-07-30,alpaca:corporate-actions:name_change,2026-09-28T02:59:35Z
PEGRW,PITAW,2024-07-30,alpaca:corporate-actions:name_change,2026-09-28T02:59:35Z
ARYD,ADGM,2024-08-01,alpaca:corporate-actions:name_change,2026-09-28T02:59:35Z
CETU,MKDW,2024-08-01,alpaca:corporate-actions:name_change,2026-09-28T02:59:35Z
CETUW,MKDWW,2024-08-01,alpaca:corporate-actions:name_change,2026-09-28T02:59:35Z
SEG-WI,SEG,2024-08-01,alpaca:corporate-actions:name_change,2026-09-28T02:59:35Z
SMLP,SMC,2024-08-01,alpaca:corporate-actions:name_change,2026-09-28T02:59:35Z
EMLD,FLD,2024-08-02,alpaca:corporate-actions:name_change,2026-09-28T02:59:35Z
EMLDU,FLDDU,2024-08-02,alpaca:corporate-actions:name_change,2026-09-28T02:59:35Z
EMLDW,FLDDW,2024-08-02,alpaca:corporate-actions:name_change,2026-09-28T02:59:35Z
VWE,VWESQ,2024-08-02,alpaca:corporate-actions:name_change,2026-09-28T02:59:35Z
VWEWW,VWEWQ,2024-08-02,alpaca:corporate-actions:name_change,2026-09-28T02:59:35Z
PEGR,PITA,2024-08-05,alpaca:corporate-actions:name_change,2026-09-28T02:59:35Z
PNM,TXNM,2024-08-05,alpaca:corporate-actions:name_change,2026-09-28T02:59:35Z
TRIS,HPAI,2024-08-05,alpaca:corporate-actions:name_change,2026-09-28T02:59:35Z
TRIS-WS,HPAIW,2024-08-05,alpaca:corporate-actions:name_change,2026-09-28T02:59:35Z
92859L102,92859L201,2024-08-06,alpaca:corporate-actions:name_change,2026-09-28T02:59:35Z
CONN,CONNQ,2024-08-06,alpaca:corporate-actions:name_change,2026-09-28T02:59:35Z
CVTI,CVLG,2024-08-06,alpaca:corporate-actions:name_change,2026-09-28T02:59:35Z
UCBI,UCB,2024-08-06,alpaca:corporate-actions:name_change,2026-09-28T02:59:35Z
UCBIO,UCB-PRI,2024-08-06,alpaca:corporate-actions:name_change,2026-09-28T02:59:35Z
GAMGF,VERTF,2024-08-07,alpaca:corporate-actions:name_change,2026-09-28T02:59:35Z
MCACW,207944117,2024-08-07,alpaca:corporate-actions:name_change,2026-09-28T02:59:35Z
TWOU,TWOUQ,2024-08-07,alpaca:corporate-actions:name_change,2026-09-28T02:59:35Z
ZLSWW,ZLSWF,2024-08-07,alpaca:corporate-actions:name_change,2026-09-28T02:59:35Z
CEI,CEIN,2024-08-08,alpaca:corporate-actions:name_change,2026-09-28T02:59:35Z
CNTG,CNTGF,2024-08-08,alpaca:corporate-actions:name_change,2026-09-28T02:59:35Z
MCACW,207944117,2024-08-08,alpaca:corporate-actions:name_change,2026-09-28T02:59:35Z
VBIV,VBIVQ,2024-08-08,alpaca:corporate-actions:name_change,2026-09-28T02:59:35Z
AEZS,CSCI,2024-08-09,alpaca:corporate-actions:name_change,2026-09-28T02:59:35Z
007975113,22112H119,2024-08-12,alpaca:corporate-actions:name_change,2026-09-28T02:59:35Z
IRBO,ARTY,2024-08-12,alpaca:corporate-actions:name_change,2026-09-28T02:59:35Z
QLI,BGM,2024-08-12,alpaca:corporate-actions:name_change,2026-09-28T02:59:35Z
007975113,22112H119,2024-08-13,alpaca:corporate-actions:name_change,2026-09-28T02:59:35Z
FIVG,SIXG,2024-08-13,alpaca:corporate-actions:name_change,2026-09-28T02:59:35Z
TENK,CTOR,2024-08-13,alpaca:corporate-actions:name_change,2026-09-28T02:59:35Z
WAVD,AIFF,2024-08-13,alpaca:corporate-actions:name_change,2026-09-28T02:59:35Z
GAMC,BSLK,2024-08-14,alpaca:corporate-actions:name_change,2026-09-28T02:59:35Z
GAMCW,BSLKW,2024-08-14,alpaca:corporate-actions:name_change,2026-09-28T02:59:35Z
HUGE,QNTM,2024-08-15,alpaca:corporate-actions:name_change,2026-09-28T02:59:35Z
AACI,RZLV,2024-08-16,alpaca:corporate-actions:name_change,2026-09-28T02:59:35Z
AACIW,RZLVW,2024-08-16,alpaca:corporate-actions:name_change,2026-09-28T02:59:35Z
MACA,SLXN,2024-08-16,alpaca:corporate-actions:name_change,2026-09-28T02:59:35Z
MACAW,SLXNW,2024-08-16,alpaca:corporate-actions:name_change,2026-09-28T02:59:35Z
SPWR,SPWRQ,2024-08-16,alpaca:corporate-actions:name_change,2026-09-28T02:59:35Z
BREZ,BRZH,2024-08-20,alpaca:corporate-actions:name_change,2026-09-28T02:59:35Z
BREZW,BRZHW,2024-08-20,alpaca:corporate-actions:name_change,2026-09-28T02:59:35Z
MMAT,MMATQ,2024-08-21,alpaca:corporate-actions:name_change,2026-09-28T02:59:35Z
YNDX,NBIS,2024-08-21,alpaca:corporate-actions:name_change,2026-09-28T02:59:35Z
GPS,GAP,2024-08-22,alpaca:corporate-actions:name_change,2026-09-28T02:59:35Z
BREZR,BRZHR,2024-08-23,alpaca:corporate-actions:name_change,2026-09-28T02:59:35Z
ALLG,ALLGF,2024-08-26,alpaca:corporate-actions:name_change,2026-09-28T02:59:35Z
CPLP,CCEC,2024-08-26,alpaca:corporate-actions:name_change,2026-09-28T02:59:35Z
SLAM,SLAMF,2024-08-27,alpaca:corporate-actions:name_change,2026-09-28T02:59:35Z
SLAMW,SLMWF,2024-08-28,alpaca:corporate-actions:name_change,2026-09-28T02:59:35Z
92859L201,VROYF,2024-08-29,alpaca:corporate-actions:name_change,2026-09-28T02:59:35Z
ENTR,XOVR,2024-08-29,alpaca:corporate-actions:name_change,2026-09-28T02:59:35Z
FRBK,FRBKQ,2024-08-29,alpaca:corporate-actions:name_change,2026-09-28T02:59:35Z
ICD,ICDI,2024-08-29,alpaca:corporate-actions:name_change,2026-09-28T02:59:35Z
BNRE-A,BNRE,2024-08-30,alpaca:corporate-actions:name_change,2026-09-28T02:59:35Z
ABIO,ORKA,2024-09-03,alpaca:corporate-actions:name_change,2026-09-28T02:59:35Z
IFIN,CURR,2024-09-03,alpaca:corporate-actions:name_change,2026-09-28T02:59:35Z
LCW-WS,LCWWF,2024-09-03,alpaca:corporate-actions:name_change,2026-09-28T02:59:35Z
NUVO,NUVOQ,2024-09-03,alpaca:corporate-actions:name_change,2026-09-28T02:59:35Z
NUVOW,NUVWQ,2024-09-03,alpaca:corporate-actions:name_change,2026-09-28T02:59:35Z
CNDA-WS,CNDAW,2024-09-04,alpaca:corporate-actions:name_change,2026-09-28T02:59:35Z
RSTN,GIFT,2024-09-04,alpaca:corporate-actions:name_change,2026-09-28T02:59:35Z
DNA-WS,DNABW,2024-09-05,alpaca:corporate-actions:name_change,2026-09-28T02:59:35Z
BNRE,BNT,2024-09-06,alpaca:corporate-actions:name_change,2026-09-28T02:59:35Z
OIBZQ,OIBZD,2024-09-06,alpaca:corporate-actions:name_change,2026-09-28T02:59:35Z
TCOA-U,TCOAU,2024-09-06,alpaca:corporate-actions:name_change,2026-09-28T02:59:35Z
TCOA-WS,TCOAW,2024-09-06,alpaca:corporate-actions:name_change,2026-09-28T02:59:35Z
DRQ,INVX,2024-09-09,alpaca:corporate-actions:name_change,2026-09-28T02:59:35Z
MICS,RIME,2024-09-09,alpaca:corporate-actions:name_change,2026-09-28T02:59:35Z
AULT,GPUS,2024-09-10,alpaca:corporate-actions:name_change,2026-09-28T02:59:35Z
AULT-PRD,GPUS-PRD,2024-09-10,alpaca:corporate-actions:name_change,2026-09-28T02:59:35Z
BIG,BIGGQ,2024-09-10,alpaca:corporate-actions:name_change,2026-09-28T02:59:35Z
HIPO-WS,HIPOW,2024-09-10,alpaca:corporate-actions:name_change,2026-09-28T02:59:35Z
SOAR-WS,SOARW,2024-09-10,alpaca:corporate-actions:name_change,2026-09-28T02:59:35Z
SAI,SAIH,2024-09-11,alpaca:corporate-actions:name_change,2026-09-28T02:59:35Z
SAITW,SAIHW,2024-09-11,alpaca:corporate-actions:name_change,2026-09-28T02:59:35Z
VHAI-WSA,VHAIW,2024-09-11,alpaca:corporate-actions:name_change,2026-09-28T02:59:35Z
VLD,VLDX,2024-09-11,alpaca:corporate-actions:name_change,2026-09-28T02:59:35Z
VLD-WS,VLDXW,2024-09-11,alpaca:corporate-actions:name_change,2026-09-28T02:59:35Z
EHI-RTWI,EHI-RT,2024-09-12,alpaca:corporate-actions:name_change,2026-09-28T02:59:35Z
GUT-RTWI,GUT-RT,2024-09-12,alpaca:corporate-actions:name_change,2026-09-28T02:59:35Z
SOI,SEI,2024-09-12,alpaca:corporate-actions:name_change,2026-09-28T02:59:35Z
DMSL,DMSLQ,2024-09-13,alpaca:corporate-actions:name_change,2026-09-28T02:59:35Z
GERM,032ESC022,2024-09-13,alpaca:corporate-actions:name_change,2026-09-28T02:59:35Z
SHRG,SHRGD,2024-09-13,alpaca:corporate-actions:name_change,2026-09-28T02:59:35Z
AAMC,AAMCF,2024-09-17,alpaca:corporate-actions:name_change,2026-09-28T02:59:35Z
PLMI,VEEA,2024-09-17,alpaca:corporate-actions:name_change,2026-09-28T02:59:35Z
PLMIW,VEEAW,2024-09-17,alpaca:corporate-actions:name_change,2026-09-28T02:59:35Z
WENA,KLTO,2024-09-17,alpaca:corporate-actions:name_change,2026-09-28T02:59:35Z
WENAW,KLTOW,2024-09-17,alpaca:corporate-actions:name_change,2026-09-28T02:59:35Z
DXF,DXFFY,2024-09-18,alpaca:corporate-actions:name_change,2026-09-28T02:59:35Z
EGIO,EGIOQ,2024-09-18,alpaca:corporate-actions:name_change,2026-09-28T02:59:35Z
HNRA,EONR,2024-09-18,alpaca:corporate-actions:name_change,2026-09-28T02:59:35Z
HNRA-WS,EONR-WS,2024-09-18,alpaca:corporate-actions:name_change,2026-09-28T02:59:35Z
PTWO,SBC,2024-09-18,alpaca:corporate-actions:name_change,2026-09-28T02:59:35Z
PTWOW,SBCWW,2024-09-18,alpaca:corporate-actions:name_change,2026-09-28T02:59:35Z
KA,KANT,2024-09-19,alpaca:corporate-actions:name_change,2026-09-28T02:59:35Z
SICP,SICPQ,2024-09-19,alpaca:corporate-actions:name_change,2026-09-28T02:59:35Z
TUP,TUPBQ,2024-09-19,alpaca:corporate-actions:name_change,2026-09-28T02:59:35Z
482CVR024,482CNT011,2024-09-23,alpaca:corporate-actions:name_change,2026-09-28T02:59:35Z
AVK-RTWI,AVK-RT,2024-09-23,alpaca:corporate-actions:name_change,2026-09-28T02:59:35Z
BFI,BFICQ,2024-09-23,alpaca:corporate-actions:name_change,2026-09-28T02:59:35Z
BFIIW,BFIWQ,2024-09-23,alpaca:corporate-actions:name_change,2026-09-28T02:59:35Z
MEDS,SCNX,2024-09-23,alpaca:corporate-actions:name_change,2026-09-28T02:59:35Z
ASCBR,ASCRF,2024-09-24,alpaca:corporate-actions:name_change,2026-09-28T02:59:35Z
ASCBW,ASCWF,2024-09-24,alpaca:corporate-actions:name_change,2026-09-28T02:59:35Z
SEG-RTWI,SEG-RT,2024-09-24,alpaca:corporate-actions:name_change,2026-09-28T02:59:35Z
JEPY,WDTE,2024-09-26,alpaca:corporate-actions:name_change,2026-09-28T02:59:35Z
SOF,SOFR,2024-09-26,alpaca:corporate-actions:name_change,2026-09-28T02:59:35Z
ACAC,FOXX,2024-09-27,alpaca:corporate-actions:name_change,2026-09-28T02:59:35Z
ACACW,FOXXW,2024-09-27,alpaca:corporate-actions:name_change,2026-09-28T02:59:35Z
MKFG-WS,MKFGW,2024-09-27,alpaca:corporate-actions:name_change,2026-09-28T02:59:35Z
AMTM-WI,AMTM,2024-09-30,alpaca:corporate-actions:name_change,2026-09-28T02:59:35Z
CACO,HTCO,2024-09-30,alpaca:corporate-actions:name_change,2026-09-28T02:59:35Z
EBLU,TBLU,2024-09-30,alpaca:corporate-actions:name_change,2026-09-28T02:59:35Z
NICK,OMCC,2024-09-30,alpaca:corporate-actions:name_change,2026-09-28T02:59:35Z
CURB-WI,CURB,2024-10-01,alpaca:corporate-actions:name_change,2026-09-28T02:59:35Z
RCRT,NIXX,2024-10-01,alpaca:corporate-actions:name_change,2026-09-28T02:59:35Z
RCRTW,NIXXW,2024-10-01,alpaca:corporate-actions:name_change,2026-09-28T02:59:35Z
AMSWA,LGTY,2024-10-02,alpaca:corporate-actions:name_change,2026-09-28T02:59:35Z
CHK,EXE,2024-10-02,alpaca:corporate-actions:name_change,2026-09-28T02:59:35Z
CHKEL,EXEEL,2024-10-02,alpaca:corporate-actions:name_change,2026-09-28T02:59:35Z
CHKEW,EXEEW,2024-10-02,alpaca:corporate-actions:name_change,2026-09-28T02:59:35Z
CHKEZ,EXEEZ,2024-10-02,alpaca:corporate-actions:name_change,2026-09-28T02:59:35Z
SSIC,LIEN,2024-10-02,alpaca:corporate-actions:name_change,2026-09-28T02:59:35Z
XFIN,BDMD,2024-10-02,alpaca:corporate-actions:name_change,2026-09-28T02:59:35Z
XFINW,BDMDW,2024-10-02,alpaca:corporate-actions:name_change,2026-09-28T02:59:35Z
BIOL,BIOLQ,2024-10-03,alpaca:corporate-actions:name_change,2026-09-28T02:59:35Z
ELYM,CLYM,2024-10-03,alpaca:corporate-actions:name_change,2026-09-28T02:59:35Z
LCW,INV,2024-10-03,alpaca:corporate-actions:name_change,2026-09-28T02:59:35Z
LCWWF,INVLW,2024-10-03,alpaca:corporate-actions:name_change,2026-09-28T02:59:35Z
OIBZD,OIBZQ,2024-10-04,alpaca:corporate-actions:name_change,2026-09-28T02:59:35Z
EVA,EVVAQ,2024-10-07,alpaca:corporate-actions:name_change,2026-09-28T02:59:35Z
RPHM,OKUR,2024-10-07,alpaca:corporate-actions:name_change,2026-09-28T02:59:35Z
RNLX,RNLXY,2024-10-08,alpaca:corporate-actions:name_change,2026-09-28T02:59:35Z
SOBCF,SOBO,2024-10-08,alpaca:corporate-actions:name_change,2026-09-28T02:59:35Z
VTNR,VTNRQ,2024-10-08,alpaca:corporate-actions:name_change,2026-09-28T02:59:35Z
JCTCF,JCTC,2024-10-09,alpaca:corporate-actions:name_change,2026-09-28T02:59:35Z
VIRI,DWTX,2024-10-09,alpaca:corporate-actions:name_change,2026-09-28T02:59:35Z
BTHM,THRO,2024-10-10,alpaca:corporate-actions:name_change,2026-09-28T02:59:35Z
CALY,CALI,2024-10-10,alpaca:corporate-actions:name_change,2026-09-28T02:59:35Z
SHRGD,SHRG,2024-10-11,alpaca:corporate-actions:name_change,2026-09-28T02:59:35Z
IXAQW,IXQWF,2024-10-15,alpaca:corporate-actions:name_change,2026-09-28T02:59:35Z
SGH,PENG,2024-10-15,alpaca:corporate-actions:name_change,2026-09-28T02:59:35Z
AGBA,ILLR,2024-10-16,alpaca:corporate-actions:name_change,2026-09-28T02:59:35Z
AGBAW,ILLRW,2024-10-16,alpaca:corporate-actions:name_change,2026-09-28T02:59:35Z
CLDI-WS,CLDWW,2024-10-18,alpaca:corporate-actions:name_change,2026-09-28T02:59:35Z
KTRA,HURA,2024-10-18,alpaca:corporate-actions:name_change,2026-09-28T02:59:35Z
ORAN,ORANY,2024-10-18,alpaca:corporate-actions:name_change,2026-09-28T02:59:35Z
IVES,AIVC,2024-10-21,alpaca:corporate-actions:name_change,2026-09-28T02:59:35Z
TCJH,WAI,2024-10-21,alpaca:corporate-actions:name_change,2026-09-28T02:59:35Z
GRTS,GRTSQ,2024-10-22,alpaca:corporate-actions:name_change,2026-09-28T02:59:35Z
INVO,NAYA,2024-10-22,alpaca:corporate-actions:name_change,2026-09-28T02:59:35Z
FANH,AIFU,2024-10-23,alpaca:corporate-actions:name_change,2026-09-28T02:59:35Z
NTBL,NTBLQ,2024-10-23,alpaca:corporate-actions:name_change,2026-09-28T02:59:35Z
OCUP,IRD,2024-10-24,alpaca:corporate-actions:name_change,2026-09-28T02:59:35Z
SRV-RTWI,SRV-RT,2024-10-24,alpaca:corporate-actions:name_change,2026-09-28T02:59:35Z
ACST,GRCE,2024-10-28,alpaca:corporate-actions:name_change,2026-09-28T02:59:35Z
NYCB,FLG,2024-10-28,alpaca:corporate-actions:name_change,2026-09-28T02:59:35Z
NYCB-PRA,FLG-PRA,2024-10-28,alpaca:corporate-actions:name_change,2026-09-28T02:59:35Z
NYCB-PRU,FLG-PRU,2024-10-28,alpaca:corporate-actions:name_change,2026-09-28T02:59:35Z
AWRRF,AWFDF,2024-10-30,alpaca:corporate-actions:name_change,2026-09-28T02:59:35Z
PHYT-WS,PHYWF,2024-10-30,alpaca:corporate-actions:name_change,2026-09-28T02:59:35Z
NUZE,IMG,2024-10-31,alpaca:corporate-actions:name_change,2026-09-28T02:59:35Z
VEV,VEVMQ,2024-10-31,alpaca:corporate-actions:name_change,2026-09-28T02:59:35Z
CDAQ,CDAQF,2024-11-01,alpaca:corporate-actions:name_change,2026-09-28T02:59:35Z
CDAQU,CDAUF,2024-11-01,alpaca:corporate-actions:name_change,2026-09-28T02:59:35Z
CDAQW,CDAWF,2024-11-01,alpaca:corporate-actions:name_change,2026-09-28T02:59:35Z
ECG-WI,ECG,2024-11-01,alpaca:corporate-actions:name_change,2026-09-28T02:59:35Z
NBCT,NBET,2024-11-01,alpaca:corporate-actions:name_change,2026-09-28T02:59:35Z
CTCGF,UECXF,2024-11-04,alpaca:corporate-actions:name_change,2026-09-28T02:59:35Z
GLT,MAGN,2024-11-04,alpaca:corporate-actions:name_change,2026-09-28T02:59:35Z
JWSM,JWSMF,2024-11-04,alpaca:corporate-actions:name_change,2026-09-28T02:59:35Z
JWSM-WS,JWSWF,2024-11-04,alpaca:corporate-actions:name_change,2026-09-28T02:59:35Z
MAGN,GLT,2024-11-04,alpaca:corporate-actions:name_change,2026-09-28T02:59:35Z
CCTS,CCTSF,2024-11-05,alpaca:corporate-actions:name_change,2026-09-28T02:59:35Z
CCTSW,CTSWF,2024-11-05,alpaca:corporate-actions:name_change,2026-09-28T02:59:35Z
EMSG,EMCS,2024-11-05,alpaca:corporate-actions:name_change,2026-09-28T02:59:35Z
GLT,MAGN,2024-11-05,alpaca:corporate-actions:name_change,2026-09-28T02:59:35Z
LILM,LILMF,2024-11-06,alpaca:corporate-actions:name_change,2026-09-28T02:59:35Z
LILMW,LILWF,2024-11-06,alpaca:corporate-actions:name_change,2026-09-28T02:59:35Z
SIVPQ,78500B403,2024-11-08,alpaca:corporate-actions:name_change,2026-09-28T02:59:35Z
SONX,SONXD,2024-11-08,alpaca:corporate-actions:name_change,2026-09-28T02:59:35Z
PRMW,PRMB,2024-11-11,alpaca:corporate-actions:name_change,2026-09-28T02:59:35Z
FNVT,FNVTF,2024-11-12,alpaca:corporate-actions:name_change,2026-09-28T02:59:35Z
FNVTU,FNVUF,2024-11-12,alpaca:corporate-actions:name_change,2026-09-28T02:59:35Z
FNVTW,FNVWF,2024-11-12,alpaca:corporate-actions:name_change,2026-09-28T02:59:35Z
PTSI,PAMT,2024-11-12,alpaca:corporate-actions:name_change,2026-09-28T02:59:35Z
ACAB,ABP,2024-11-13,alpaca:corporate-actions:name_change,2026-09-28T02:59:35Z
ACABW,ABPWW,2024-11-13,alpaca:corporate-actions:name_change,2026-09-28T02:59:35Z
LBYAV,LBTYA,2024-11-13,alpaca:corporate-actions:name_change,2026-09-28T02:59:35Z
LBYKV,LBTYK,2024-11-13,alpaca:corporate-actions:name_change,2026-09-28T02:59:35Z
SNREV,SNRE,2024-11-13,alpaca:corporate-actions:name_change,2026-09-28T02:59:35Z
HSTO,HSTOQ,2024-11-15,alpaca:corporate-actions:name_change,2026-09-28T02:59:35Z
EVTL-WS,EVTWF,2024-11-18,alpaca:corporate-actions:name_change,2026-09-28T02:59:35Z
FIACW,DEVSW,2024-11-18,alpaca:corporate-actions:name_change,2026-09-28T02:59:35Z
RCFA-WS,RCFWF,2024-11-18,alpaca:corporate-actions:name_change,2026-09-28T02:59:35Z
PEGY,SUNE,2024-11-19,alpaca:corporate-actions:name_change,2026-09-28T02:59:35Z
SAVE,SAVEQ,2024-11-19,alpaca:corporate-actions:name_change,2026-09-28T02:59:35Z
SEEL,SEELQ,2024-11-19,alpaca:corporate-actions:name_change,2026-09-28T02:59:35Z
SPEYF,RMRYF,2024-11-19,alpaca:corporate-actions:name_change,2026-09-28T02:59:35Z
LEV-WS,LEVWF,2024-11-20,alpaca:corporate-actions:name_change,2026-09-28T02:59:35Z
NOVV,RMSG,2024-11-20,alpaca:corporate-actions:name_change,2026-09-28T02:59:35Z
NOVVW,RMSGW,2024-11-20,alpaca:corporate-actions:name_change,2026-09-28T02:59:35Z
NOVV,RMSG,2024-11-21,alpaca:corporate-actions:name_change,2026-09-28T02:59:35Z
TMTC,ELPW,2024-11-22,alpaca:corporate-actions:name_change,2026-09-28T02:59:35Z
VINO,VINOQ,2024-11-22,alpaca:corporate-actions:name_change,2026-09-28T02:59:35Z
ZIVB,ZVOL,2024-11-22,alpaca:corporate-actions:name_change,2026-09-28T02:59:35Z
NCNC,NCNCF,2024-11-25,alpaca:corporate-actions:name_change,2026-09-28T02:59:35Z
NCNCW,NCNWF,2024-11-25,alpaca:corporate-actions:name_change,2026-09-28T02:59:35Z
CGA,ENFY,2024-11-26,alpaca:corporate-actions:name_change,2026-09-28T02:59:35Z
CMAX,CMAXQ,2024-11-29,alpaca:corporate-actions:name_change,2026-09-28T02:59:35Z
CMAXW,CMXWQ,2024-11-29,alpaca:corporate-actions:name_change,2026-09-28T02:59:35Z
NRBO,MTVA,2024-11-29,alpaca:corporate-actions:name_change,2026-09-28T02:59:35Z
MNTN-WS,MNTNW,2024-12-02,alpaca:corporate-actions:name_change,2026-09-28T02:59:35Z
VRM,VRMMQ,2024-12-02,alpaca:corporate-actions:name_change,2026-09-28T02:59:35Z
AJX,RPT,2024-12-03,alpaca:corporate-actions:name_change,2026-09-28T02:59:35Z
MDJH,UOKA,2024-12-03,alpaca:corporate-actions:name_change,2026-09-28T02:59:35Z
DXFFY,DXFFD,2024-12-04,alpaca:corporate-actions:name_change,2026-09-28T02:59:35Z
ESGB,CPLB,2024-12-04,alpaca:corporate-actions:name_change,2026-09-28T02:59:35Z
ICDI,ICDIQ,2024-12-04,alpaca:corporate-actions:name_change,2026-09-28T02:59:35Z
RNSC,FSGS,2024-12-04,alpaca:corporate-actions:name_change,2026-09-28T02:59:35Z
TCON,892ESC0A3,2024-12-04,alpaca:corporate-actions:name_change,2026-09-28T02:59:35Z
IDEX,IDEXQ,2024-12-05,alpaca:corporate-actions:name_change,2026-09-28T02:59:35Z
BOCN,TNMG,2024-12-06,alpaca:corporate-actions:name_change,2026-09-28T02:59:35Z
BOCNW,TNMWF,2024-12-06,alpaca:corporate-actions:name_change,2026-09-28T02:59:35Z
ENG,ENGC,2024-12-06,alpaca:corporate-actions:name_change,2026-09-28T02:59:35Z
LIFW,MSPR,2024-12-09,alpaca:corporate-actions:name_change,2026-09-28T02:59:35Z
LIFWW,MSPRW,2024-12-09,alpaca:corporate-actions:name_change,2026-09-28T02:59:35Z
LIFWZ,MSPRZ,2024-12-09,alpaca:corporate-actions:name_change,2026-09-28T02:59:35Z
ROCL,NEHC,2024-12-09,alpaca:corporate-actions:name_change,2026-09-28T02:59:35Z
ROCLW,NEHCW,2024-12-09,alpaca:corporate-actions:name_change,2026-09-28T02:59:35Z
SONXD,SONX,2024-12-09,alpaca:corporate-actions:name_change,2026-09-28T02:59:35Z
TLGYW,TLGWF,2024-12-09,alpaca:corporate-actions:name_change,2026-09-28T02:59:35Z
ESGA,ACLC,2024-12-10,alpaca:corporate-actions:name_change,2026-09-28T02:59:35Z
ESGY,ACGR,2024-12-10,alpaca:corporate-actions:name_change,2026-09-28T02:59:35Z
TCS,TCSG,2024-12-10,alpaca:corporate-actions:name_change,2026-09-28T02:59:35Z
YTEN,YTENQ,2024-12-10,alpaca:corporate-actions:name_change,2026-09-28T02:59:35Z
ATEK-WS,ATEKW,2024-12-11,alpaca:corporate-actions:name_change,2026-09-28T02:59:35Z
ICDI,ICDIQ,2024-12-11,alpaca:corporate-actions:name_change,2026-09-28T02:59:35Z
THCP,CNCK,2024-12-11,alpaca:corporate-actions:name_change,2026-09-28T02:59:35Z
THCPW,CNCKW,2024-12-11,alpaca:corporate-actions:name_change,2026-09-28T02:59:35Z
BOWL,LUCK,2024-12-12,alpaca:corporate-actions:name_change,2026-09-28T02:59:35Z
DFHY,ABHY,2024-12-13,alpaca:corporate-actions:name_change,2026-09-28T02:59:35Z
DFNV,ABOT,2024-12-13,alpaca:corporate-actions:name_change,2026-09-28T02:59:35Z
DFRA,ABLD,2024-12-13,alpaca:corporate-actions:name_change,2026-09-28T02:59:35Z
PMD,PMDI,2024-12-13,alpaca:corporate-actions:name_change,2026-09-28T02:59:35Z
TTAC,ABFL,2024-12-13,alpaca:corporate-actions:name_change,2026-09-28T02:59:35Z
TTAI,ABLG,2024-12-13,alpaca:corporate-actions:name_change,2026-09-28T02:59:35Z
INAQ,AMOD,2024-12-16,alpaca:corporate-actions:name_change,2026-09-28T02:59:35Z
INAQW,AMODW,2024-12-16,alpaca:corporate-actions:name_change,2026-09-28T02:59:35Z
IVCP,ANNA,2024-12-16,alpaca:corporate-actions:name_change,2026-09-28T02:59:35Z
IVCPW,ANNAW,2024-12-16,alpaca:corporate-actions:name_change,2026-09-28T02:59:35Z
LQR,YHC,2024-12-16,alpaca:corporate-actions:name_change,2026-09-28T02:59:35Z
PIRS,PVLA,2024-12-16,alpaca:corporate-actions:name_change,2026-09-28T02:59:35Z
WEL-WS,WELWF,2024-12-16,alpaca:corporate-actions:name_change,2026-09-28T02:59:35Z
BFAC,BFACF,2024-12-17,alpaca:corporate-actions:name_change,2026-09-28T02:59:35Z
BFAC-WS,BFQWF,2024-12-17,alpaca:corporate-actions:name_change,2026-09-28T02:59:35Z
HAIA,HAIAF,2024-12-17,alpaca:corporate-actions:name_change,2026-09-28T02:59:35Z
HAIAW,HAIWF,2024-12-17,alpaca:corporate-actions:name_change,2026-09-28T02:59:35Z
AKTS,AKTSQ,2024-12-18,alpaca:corporate-actions:name_change,2026-09-28T02:59:35Z
ATIF,ZBAI,2024-12-18,alpaca:corporate-actions:name_change,2026-09-28T02:59:35Z
FLD,FLDD,2024-12-18,alpaca:corporate-actions:name_change,2026-09-28T02:59:35Z
HRYU,GITS,2024-12-18,alpaca:corporate-actions:name_change,2026-09-28T02:59:35Z
PFMT,PHLT,2024-12-18,alpaca:corporate-actions:name_change,2026-09-28T02:59:35Z
PNST-WS,PNSTW,2024-12-18,alpaca:corporate-actions:name_change,2026-09-28T02:59:35Z
LEV,LEVGQ,2024-12-19,alpaca:corporate-actions:name_change,2026-09-28T02:59:35Z
LEV-WSA,LEGWQ,2024-12-19,alpaca:corporate-actions:name_change,2026-09-28T02:59:35Z
NR,NPKI,2024-12-19,alpaca:corporate-actions:name_change,2026-09-28T02:59:35Z
CYTO,CYTOF,2024-12-20,alpaca:corporate-actions:name_change,2026-09-28T02:59:35Z
JXJT,JXG,2024-12-20,alpaca:corporate-actions:name_change,2026-09-28T02:59:35Z
LEVWF,LEVWQ,2024-12-20,alpaca:corporate-actions:name_change,2026-09-28T02:59:35Z
ALSA,ALSAF,2024-12-23,alpaca:corporate-actions:name_change,2026-09-28T02:59:35Z
ALSAR,ALSTF,2024-12-23,alpaca:corporate-actions:name_change,2026-09-28T02:59:35Z
ALSAW,ALSWF,2024-12-23,alpaca:corporate-actions:name_change,2026-09-28T02:59:35Z
KACL,KACLF,2024-12-23,alpaca:corporate-actions:name_change,2026-09-28T02:59:35Z
KACLR,KACRF,2024-12-23,alpaca:corporate-actions:name_change,2026-09-28T02:59:35Z
KACLW,KACWF,2024-12-23,alpaca:corporate-actions:name_change,2026-09-28T02:59:35Z
OUST-WS,OUSTZ,2024-12-23,alpaca:corporate-actions:name_change,2026-09-28T02:59:35Z
OUST-WSA,OUSTW,2024-12-23,alpaca:corporate-actions:name_change,2026-09-28T02:59:35Z
IVCB,IVCBF,2024-12-24,alpaca:corporate-actions:name_change,2026-09-28T02:59:35Z
IVCBW,IVCWF,2024-12-24,alpaca:corporate-actions:name_change,2026-09-28T02:59:35Z
TCSG,TCSGQ,2024-12-24,alpaca:corporate-actions:name_change,2026-09-28T02:59:35Z
PIK,PIKM,2024-12-26,alpaca:corporate-actions:name_change,2026-09-28T02:59:35Z
ADMNF,TICA,2024-12-30,alpaca:corporate-actions:name_change,2026-09-28T02:59:35Z
AMLI,AMLIF,2024-12-30,alpaca:corporate-actions:name_change,2026-09-28T02:59:35Z
HDELY,HDLMY,2024-12-30,alpaca:corporate-actions:name_change,2026-09-28T02:59:35Z
BIOR,BIORQ,2024-12-31,alpaca:corporate-actions:name_change,2026-09-28T02:59:35Z
AILE,AILEQ,2025-01-02,alpaca:corporate-actions:name_change,2026-09-28T02:59:35Z
AILEW,AILWQ,2025-01-02,alpaca:corporate-actions:name_change,2026-09-28T02:59:35Z
BGNE,ONC,2025-01-02,alpaca:corporate-actions:name_change,2026-09-28T02:59:35Z
BSIG,AAMI,2025-01-02,alpaca:corporate-actions:name_change,2026-09-28T02:59:35Z
DXFFD,DXFFY,2025-01-02,alpaca:corporate-actions:name_change,2026-09-28T02:59:35Z
HTIA,NHPAP,2025-01-02,alpaca:corporate-actions:name_change,2026-09-28T02:59:35Z
HTIBP,NHPBP,2025-01-02,alpaca:corporate-actions:name_change,2026-09-28T02:59:35Z
MITA,RAIN,2025-01-02,alpaca:corporate-actions:name_change,2026-09-28T02:59:35Z
MITAW,RAINW,2025-01-02,alpaca:corporate-actions:name_change,2026-09-28T02:59:35Z
VCAR,TESL,2025-01-02,alpaca:corporate-actions:name_change,2026-09-28T02:59:35Z
VVI,PRSU,2025-01-02,alpaca:corporate-actions:name_change,2026-09-28T02:59:35Z
JBT,JBTM,2025-01-03,alpaca:corporate-actions:name_change,2026-09-28T02:59:35Z
MARX,STAI,2025-01-03,alpaca:corporate-actions:name_change,2026-09-28T02:59:35Z
PALT,IPM,2025-01-06,alpaca:corporate-actions:name_change,2026-09-28T02:59:35Z
SEVCF,SEVCD,2025-01-06,alpaca:corporate-actions:name_change,2026-09-28T02:59:35Z
HEAR,TBCH,2025-01-07,alpaca:corporate-actions:name_change,2026-09-28T02:59:35Z
RGF,RGFC,2025-01-07,alpaca:corporate-actions:name_change,2026-09-28T02:59:35Z
ASAI,ASAIY,2025-01-10,alpaca:corporate-actions:name_change,2026-09-28T02:59:35Z
EXTO,EXTOY,2025-01-10,alpaca:corporate-actions:name_change,2026-09-28T02:59:35Z
MMV,MMVVF,2025-01-10,alpaca:corporate-actions:name_change,2026-09-28T02:59:35Z
MMVWW,MMVXF,2025-01-10,alpaca:corporate-actions:name_change,2026-09-28T02:59:35Z
ALRN,RNTX,2025-01-13,alpaca:corporate-actions:name_change,2026-09-28T02:59:35Z
CITE,CRTAF,2025-01-13,alpaca:corporate-actions:name_change,2026-09-28T02:59:35Z
CITEW,CRTWF,2025-01-13,alpaca:corporate-actions:name_change,2026-09-28T02:59:35Z
BRKH,BZAI,2025-01-14,alpaca:corporate-actions:name_change,2026-09-28T02:59:35Z
BRKHW,BZAIW,2025-01-14,alpaca:corporate-actions:name_change,2026-09-28T02:59:35Z
CEIX,CNR,2025-01-15,alpaca:corporate-actions:name_change,2026-09-28T02:59:35Z
SPI,SPIEF,2025-01-15,alpaca:corporate-actions:name_change,2026-09-28T02:59:35Z
LATG,KBSX,2025-01-16,alpaca:corporate-actions:name_change,2026-09-28T02:59:35Z
SQ,XYZ,2025-01-21,alpaca:corporate-actions:name_change,2026-09-28T02:59:35Z
CSLMR,CSLRF,2025-01-22,alpaca:corporate-actions:name_change,2026-09-28T02:59:35Z
CSLMW,CSLWF,2025-01-22,alpaca:corporate-actions:name_change,2026-09-28T02:59:35Z
SVMH,SVUHF,2025-01-22,alpaca:corporate-actions:name_change,2026-09-28T02:59:35Z
SVMHW,SVUWF,2025-01-22,alpaca:corporate-actions:name_change,2026-09-28T02:59:35Z
TETEW,TETWF,2025-01-23,alpaca:corporate-actions:name_change,2026-09-28T02:59:35Z
AAPGV,AAPG,2025-01-27,alpaca:corporate-actions:name_change,2026-09-28T02:59:35Z
EAST,BLNE,2025-01-27,alpaca:corporate-actions:name_change,2026-09-28T02:59:35Z
GODN,GMHS,2025-01-27,alpaca:corporate-actions:name_change,2026-09-28T02:59:35Z
ISDR,ACCS,2025-01-27,alpaca:corporate-actions:name_change,2026-09-28T02:59:35Z
LAAC,LAR,2025-01-27,alpaca:corporate-actions:name_change,2026-09-28T02:59:35Z
AEVA-WS,AEVAW,2025-01-28,alpaca:corporate-actions:name_change,2026-09-28T02:59:35Z
BCAN,FMTO,2025-01-28,alpaca:corporate-actions:name_change,2026-09-28T02:59:35Z
PLMJW,PLMWF,2025-01-28,alpaca:corporate-actions:name_change,2026-09-28T02:59:35Z
QTI,QTIH,2025-01-28,alpaca:corporate-actions:name_change,2026-09-28T02:59:35Z
GOEV,GOEVQ,2025-01-29,alpaca:corporate-actions:name_change,2026-09-28T02:59:35Z
GOEVW,GOEWQ,2025-01-29,alpaca:corporate-actions:name_change,2026-09-28T02:59:35Z
WBUY,WBUYF,2025-01-29,alpaca:corporate-actions:name_change,2026-09-28T02:59:35Z
FATAV,FAT,2025-01-30,alpaca:corporate-actions:name_change,2026-09-28T02:59:35Z
FATBV,FATBB,2025-01-30,alpaca:corporate-actions:name_change,2026-09-28T02:59:35Z
KNW,KNWN,2025-01-30,alpaca:corporate-actions:name_change,2026-09-28T02:59:35Z
TWNPV,TWNP,2025-01-30,alpaca:corporate-actions:name_change,2026-09-28T02:59:35Z
VMOT,AAVM,2025-01-31,alpaca:corporate-actions:name_change,2026-09-28T02:59:35Z
BIGT,MAGS,2025-02-03,alpaca:corporate-actions:name_change,2026-09-28T02:59:35Z
HTLFP,UMBFP,2025-02-03,alpaca:corporate-actions:name_change,2026-09-28T02:59:35Z
NEP,XIFR,2025-02-03,alpaca:corporate-actions:name_change,2026-09-28T02:59:35Z
NETZ,PWRD,2025-02-03,alpaca:corporate-actions:name_change,2026-09-28T02:59:35Z
PROC,PROCF,2025-02-04,alpaca:corporate-actions:name_change,2026-09-28T02:59:35Z
PROCW,PRCWF,2025-02-04,alpaca:corporate-actions:name_change,2026-09-28T02:59:35Z
RHE,RHEP,2025-02-05,alpaca:corporate-actions:name_change,2026-09-28T02:59:35Z
MRP-WI,MRP,2025-02-07,alpaca:corporate-actions:name_change,2026-09-28T02:59:35Z
HYMU,SHYM,2025-02-10,alpaca:corporate-actions:name_change,2026-09-28T02:59:35Z
SEVCD,SEVCF,2025-02-11,alpaca:corporate-actions:name_change,2026-09-28T02:59:35Z
IZTC,EXOZ,2025-02-12,alpaca:corporate-actions:name_change,2026-09-28T02:59:35Z
EVGR,EGRVF,2025-02-13,alpaca:corporate-actions:name_change,2026-09-28T02:59:35Z
EVGRW,EGUVF,2025-02-13,alpaca:corporate-actions:name_change,2026-09-28T02:59:35Z
EZFL,NXXT,2025-02-14,alpaca:corporate-actions:name_change,2026-09-28T02:59:35Z
RFAC,GCL,2025-02-14,alpaca:corporate-actions:name_change,2026-09-28T02:59:35Z
RFACW,GCLWW,2025-02-14,alpaca:corporate-actions:name_change,2026-09-28T02:59:35Z
USCF,LGCF,2025-02-14,alpaca:corporate-actions:name_change,2026-09-28T02:59:35Z
WISA,DVLT,2025-02-14,alpaca:corporate-actions:name_change,2026-09-28T02:59:35Z
BLAC,OSRH,2025-02-18,alpaca:corporate-actions:name_change,2026-09-28T02:59:35Z
BLACW,OSRHW,2025-02-18,alpaca:corporate-actions:name_change,2026-09-28T02:59:35Z
TPX,SGI,2025-02-18,alpaca:corporate-actions:name_change,2026-09-28T02:59:35Z
1ORIC,ORIC,2025-02-19,alpaca:corporate-actions:name_change,2026-09-28T02:59:35Z
FLDD,FLD,2025-02-19,alpaca:corporate-actions:name_change,2026-09-28T02:59:35Z
KNWN,KNWND,2025-02-19,alpaca:corporate-actions:name_change,2026-09-28T02:59:35Z
BIGZ,BTX,2025-02-20,alpaca:corporate-actions:name_change,2026-09-28T02:59:35Z
MYNA,MYNAY,2025-02-20,alpaca:corporate-actions:name_change,2026-09-28T02:59:35Z
PWUP,ASBP,2025-02-20,alpaca:corporate-actions:name_change,2026-09-28T02:59:35Z
PWUPW,ASBPW,2025-02-20,alpaca:corporate-actions:name_change,2026-09-28T02:59:35Z
NUSI,QQQH,2025-02-21,alpaca:corporate-actions:name_change,2026-09-28T02:59:35Z
HTBI,HTB,2025-02-24,alpaca:corporate-actions:name_change,2026-09-28T02:59:35Z
IMSI,IROC,2025-02-24,alpaca:corporate-actions:name_change,2026-09-28T02:59:35Z
ISDB,GTOS,2025-02-24,alpaca:corporate-actions:name_change,2026-09-28T02:59:35Z
QRTEA,QVCGA,2025-02-24,alpaca:corporate-actions:name_change,2026-09-28T02:59:35Z
QRTEB,QVCGB,2025-02-24,alpaca:corporate-actions:name_change,2026-09-28T02:59:35Z
QRTEP,QVCGP,2025-02-24,alpaca:corporate-actions:name_change,2026-09-28T02:59:35Z
SNDKV,SNDK,2025-02-24,alpaca:corporate-actions:name_change,2026-09-28T02:59:35Z
BGXX,BGXXQ,2025-02-25,alpaca:corporate-actions:name_change,2026-09-28T02:59:35Z
MOND,MONDQ,2025-02-25,alpaca:corporate-actions:name_change,2026-09-28T02:59:35Z
OMGA,OMGAQ,2025-02-25,alpaca:corporate-actions:name_change,2026-09-28T02:59:35Z
NKLA,NKLAQ,2025-02-26,alpaca:corporate-actions:name_change,2026-09-28T02:59:35Z
LICY,LICYF,2025-02-27,alpaca:corporate-actions:name_change,2026-09-28T02:59:35Z
MNTNW,EVCOW,2025-02-27,alpaca:corporate-actions:name_change,2026-09-28T02:59:35Z
MPLN,CTEV,2025-02-28,alpaca:corporate-actions:name_change,2026-09-28T02:59:35Z
RHLDV,RHLD,2025-02-28,alpaca:corporate-actions:name_change,2026-09-28T02:59:35Z
FNGU,FNGA,2025-03-03,alpaca:corporate-actions:name_change,2026-09-28T02:59:35Z
FREY,TE,2025-03-03,alpaca:corporate-actions:name_change,2026-09-28T02:59:35Z
FREY-WS,TE-WS,2025-03-03,alpaca:corporate-actions:name_change,2026-09-28T02:59:35Z
CJJD,RDGT,2025-03-04,alpaca:corporate-actions:name_change,2026-09-28T02:59:35Z
KNWND,KNW,2025-03-05,alpaca:corporate-actions:name_change,2026-09-28T02:59:35Z
ZOM,ZOMDF,2025-03-05,alpaca:corporate-actions:name_change,2026-09-28T02:59:35Z
ENGC,ENGCQ,2025-03-06,alpaca:corporate-actions:name_change,2026-09-28T02:59:35Z
CTCX,XAGE,2025-03-10,alpaca:corporate-actions:name_change,2026-09-28T02:59:35Z
CTCXW,XAGEW,2025-03-10,alpaca:corporate-actions:name_change,2026-09-28T02:59:35Z
FFIE,FFAI,2025-03-10,alpaca:corporate-actions:name_change,2026-09-28T02:59:35Z
FFIEW,FFAIW,2025-03-10,alpaca:corporate-actions:name_change,2026-09-28T02:59:35Z
VMCA,VMCAF,2025-03-11,alpaca:corporate-actions:name_change,2026-09-28T02:59:35Z
VMCAW,VMCWF,2025-03-11,alpaca:corporate-actions:name_change,2026-09-28T02:59:35Z
SPHA,AIFE,2025-03-12,alpaca:corporate-actions:name_change,2026-09-28T02:59:35Z
SPHAR,AIFER,2025-03-12,alpaca:corporate-actions:name_change,2026-09-28T02:59:35Z
SPHAU,AIFEU,2025-03-12,alpaca:corporate-actions:name_change,2026-09-28T02:59:35Z
CUTR,CUTRQ,2025-03-13,alpaca:corporate-actions:name_change,2026-09-28T02:59:35Z
ICLK,AMBR,2025-03-13,alpaca:corporate-actions:name_change,2026-09-28T02:59:35Z
IPXX,USAR,2025-03-14,alpaca:corporate-actions:name_change,2026-09-28T02:59:35Z
IPXXW,USARW,2025-03-14,alpaca:corporate-actions:name_change,2026-09-28T02:59:35Z
SPGC,NWTG,2025-03-17,alpaca:corporate-actions:name_change,2026-09-28T02:59:35Z
DGHI,DGXX,2025-03-18,alpaca:corporate-actions:name_change,2026-09-28T02:59:35Z
DZSI,DZSIQ,2025-03-18,alpaca:corporate-actions:name_change,2026-09-28T02:59:35Z
EHLDV,EHLD,2025-03-18,alpaca:corporate-actions:name_change,2026-09-28T02:59:35Z
AADI,WHWK,2025-03-19,alpaca:corporate-actions:name_change,2026-09-28T02:59:35Z
ALVR,KLRS,2025-03-19,alpaca:corporate-actions:name_change,2026-09-28T02:59:35Z
CDXC,NAGE,2025-03-19,alpaca:corporate-actions:name_change,2026-09-28T02:59:35Z
DNMR,DNMRQ,2025-03-19,alpaca:corporate-actions:name_change,2026-09-28T02:59:35Z
DNMRW,DNMWQ,2025-03-19,alpaca:corporate-actions:name_change,2026-09-28T02:59:35Z
KRUZ,GOP,2025-03-21,alpaca:corporate-actions:name_change,2026-09-28T02:59:35Z
TCBP,TCBPY,2025-03-24,alpaca:corporate-actions:name_change,2026-09-28T02:59:35Z
TCBPW,TCBWF,2025-03-24,alpaca:corporate-actions:name_change,2026-09-28T02:59:35Z
VINE,AMZE,2025-03-24,alpaca:corporate-actions:name_change,2026-09-28T02:59:35Z
ETWO-WS,ETWOW,2025-03-25,alpaca:corporate-actions:name_change,2026-09-28T02:59:35Z
KRBP,KRBPQ,2025-03-25,alpaca:corporate-actions:name_change,2026-09-28T02:59:35Z
BHIL,BHILQ,2025-03-27,alpaca:corporate-actions:name_change,2026-09-28T02:59:35Z
CYTHW,RFL-WS,2025-03-27,alpaca:corporate-actions:name_change,2026-09-28T02:59:35Z
LKCO,LKCOF,2025-03-31,alpaca:corporate-actions:name_change,2026-09-28T02:59:35Z
LYT,LYTHF,2025-03-31,alpaca:corporate-actions:name_change,2026-09-28T02:59:35Z
ME,MEHCQ,2025-03-31,alpaca:corporate-actions:name_change,2026-09-28T02:59:35Z
YY,JOYY,2025-03-31,alpaca:corporate-actions:name_change,2026-09-28T02:59:35Z
EDOC,HEAL,2025-04-01,alpaca:corporate-actions:name_change,2026-09-28T02:59:35Z
GXTG,GXDW,2025-04-01,alpaca:corporate-actions:name_change,2026-09-28T02:59:35Z
SQY,XYZY,2025-04-01,alpaca:corporate-actions:name_change,2026-09-28T02:59:35Z
APTO,APTOF,2025-04-02,alpaca:corporate-actions:name_change,2026-09-28T02:59:35Z
PUTW,WTPI,2025-04-04,alpaca:corporate-actions:name_change,2026-09-28T02:59:35Z
AIM,AIMI,2025-04-07,alpaca:corporate-actions:name_change,2026-09-28T02:59:35Z
BFACF,KIDZ,2025-04-07,alpaca:corporate-actions:name_change,2026-09-28T02:59:35Z
BFQWF,KIDZW,2025-04-07,alpaca:corporate-actions:name_change,2026-09-28T02:59:35Z
GLACR,GLLRF,2025-04-07,alpaca:corporate-actions:name_change,2026-09-28T02:59:35Z
TCTM,VSA,2025-04-07,alpaca:corporate-actions:name_change,2026-09-28T02:59:35Z
GATE,MGTE,2025-04-08,alpaca:corporate-actions:name_change,2026-09-28T02:59:35Z
GATEW,MGTEW,2025-04-08,alpaca:corporate-actions:name_change,2026-09-28T02:59:35Z
SST-WS,SSTPW,2025-04-08,alpaca:corporate-actions:name_change,2026-09-28T02:59:35Z
MSSAR,MSSRF,2025-04-09,alpaca:corporate-actions:name_change,2026-09-28T02:59:35Z
MSSAW,MSSWF,2025-04-09,alpaca:corporate-actions:name_change,2026-09-28T02:59:35Z
CLRCR,CLRRF,2025-04-10,alpaca:corporate-actions:name_change,2026-09-28T02:59:35Z
CLRCW,CLRWF,2025-04-10,alpaca:corporate-actions:name_change,2026-09-28T02:59:35Z
NXU,NXUR,2025-04-10,alpaca:corporate-actions:name_change,2026-09-28T02:59:35Z
WBUYF,WBUYD,2025-04-10,alpaca:corporate-actions:name_change,2026-09-28T02:59:35Z
SKGR,BULL,2025-04-11,alpaca:corporate-actions:name_change,2026-09-28T02:59:35Z
SKGRW,BULLW,2025-04-11,alpaca:corporate-actions:name_change,2026-09-28T02:59:35Z
CMPOV,CMPO,2025-04-15,alpaca:corporate-actions:name_change,2026-09-28T02:59:35Z
GDVM,VMST,2025-04-15,alpaca:corporate-actions:name_change,2026-09-28T02:59:35Z
HSRT,TRPA,2025-04-15,alpaca:corporate-actions:name_change,2026-09-28T02:59:35Z
HSUN,HFSI,2025-04-15,alpaca:corporate-actions:name_change,2026-09-28T02:59:35Z
PEV,PEVM,2025-04-15,alpaca:corporate-actions:name_change,2026-09-28T02:59:35Z
RBNEV,RBNE,2025-04-15,alpaca:corporate-actions:name_change,2026-09-28T02:59:35Z
TOROV,TORO,2025-04-15,alpaca:corporate-actions:name_change,2026-09-28T02:59:35Z
CARA,TVRD,2025-04-16,alpaca:corporate-actions:name_change,2026-09-28T02:59:35Z
DECA,DNQAF,2025-04-16,alpaca:corporate-actions:name_change,2026-09-28T02:59:35Z
DECAW,DNQWF,2025-04-16,alpaca:corporate-actions:name_change,2026-09-28T02:59:35Z
AWH,AWHL,2025-04-17,alpaca:corporate-actions:name_change,2026-09-28T02:59:35Z
ENZ,ENZB,2025-04-21,alpaca:corporate-actions:name_change,2026-09-28T02:59:35Z
CSLR,SPWR,2025-04-22,alpaca:corporate-actions:name_change,2026-09-28T02:59:35Z
CSLRW,SPWRW,2025-04-22,alpaca:corporate-actions:name_change,2026-09-28T02:59:35Z
MTEM,MTEMQ,2025-04-22,alpaca:corporate-actions:name_change,2026-09-28T02:59:35Z
DTC,DTCB,2025-04-23,alpaca:corporate-actions:name_change,2026-09-28T02:59:35Z
EPKKY,EPOBY,2025-04-24,alpaca:corporate-actions:name_change,2026-09-28T02:59:35Z
EPOKY,EPOAY,2025-04-24,alpaca:corporate-actions:name_change,2026-09-28T02:59:35Z
ONVO,VIVS,2025-04-24,alpaca:corporate-actions:name_change,2026-09-28T02:59:35Z
WBX-WS,WBXWF,2025-04-25,alpaca:corporate-actions:name_change,2026-09-28T02:59:35Z
NAYA,IVF,2025-04-28,alpaca:corporate-actions:name_change,2026-09-28T02:59:35Z
SAG,INEO,2025-04-28,alpaca:corporate-actions:name_change,2026-09-28T02:59:35Z
AVTE,JBIO,2025-04-29,alpaca:corporate-actions:name_change,2026-09-28T02:59:35Z
LTES,LTESF,2025-04-29,alpaca:corporate-actions:name_change,2026-09-28T02:59:35Z
PITA,PITEF,2025-04-29,alpaca:corporate-actions:name_change,2026-09-28T02:59:35Z
PITAW,PITWF,2025-04-29,alpaca:corporate-actions:name_change,2026-09-28T02:59:35Z
SPRB,SPRBX,2025-04-29,alpaca:corporate-actions:name_change,2026-09-28T02:59:35Z
BTTR,SRXH,2025-04-30,alpaca:corporate-actions:name_change,2026-09-28T02:59:35Z
CBCYB,CBCY,2025-04-30,alpaca:corporate-actions:name_change,2026-09-28T02:59:35Z
MYTE,LUXE,2025-05-01,alpaca:corporate-actions:name_change,2026-09-28T02:59:35Z
AIMAU,AIMUF,2025-05-05,alpaca:corporate-actions:name_change,2026-09-28T02:59:35Z
AIMAW,AIMWF,2025-05-05,alpaca:corporate-actions:name_change,2026-09-28T02:59:35Z
CHNTX,LDRX,2025-05-05,alpaca:corporate-actions:name_change,2026-09-28T02:59:35Z
HPH,MAAS,2025-05-05,alpaca:corporate-actions:name_change,2026-09-28T02:59:35Z
JNVR,DFDV,2025-05-05,alpaca:corporate-actions:name_change,2026-09-28T02:59:35Z
STBX,STBXF,2025-05-05,alpaca:corporate-actions:name_change,2026-09-28T02:59:35Z
SJW,HTO,2025-05-06,alpaca:corporate-actions:name_change,2026-09-28T02:59:35Z
IVCA,IVCAF,2025-05-08,alpaca:corporate-actions:name_change,2026-09-28T02:59:35Z
IVCAU,IVAUF,2025-05-08,alpaca:corporate-actions:name_change,2026-09-28T02:59:35Z
IVCAW,IVAWF,2025-05-08,alpaca:corporate-actions:name_change,2026-09-28T02:59:35Z
PTN,PTNT,2025-05-08,alpaca:corporate-actions:name_change,2026-09-28T02:59:35Z
WBUYD,WBUY,2025-05-08,alpaca:corporate-actions:name_change,2026-09-28T02:59:35Z
BUJA,GIBO,2025-05-09,alpaca:corporate-actions:name_change,2026-09-28T02:59:35Z
BUJAW,GIBOW,2025-05-09,alpaca:corporate-actions:name_change,2026-09-28T02:59:35Z
GOLD,B,2025-05-09,alpaca:corporate-actions:name_change,2026-09-28T02:59:35Z
RENE,RENEF,2025-05-13,alpaca:corporate-actions:name_change,2026-09-28T02:59:35Z
RENEW,REEWF,2025-05-13,alpaca:corporate-actions:name_change,2026-09-28T02:59:35Z
ZI,GTM,2025-05-13,alpaca:corporate-actions:name_change,2026-09-28T02:59:35Z
GLST,KWM,2025-05-14,alpaca:corporate-actions:name_change,2026-09-28T02:59:35Z
GLSTW,KWMWW,2025-05-14,alpaca:corporate-actions:name_change,2026-09-28T02:59:35Z
AXDX,AXDXQ,2025-05-15,alpaca:corporate-actions:name_change,2026-09-28T02:59:35Z
GRFX,GRFXY,2025-05-15,alpaca:corporate-actions:name_change,2026-09-28T02:59:35Z
LICYF,LICYQ,2025-05-15,alpaca:corporate-actions:name_change,2026-09-28T02:59:35Z
PAPL,PAPLF,2025-05-15,alpaca:corporate-actions:name_change,2026-09-28T02:59:35Z
RTC,RTCJF,2025-05-15,alpaca:corporate-actions:name_change,2026-09-28T02:59:35Z
PGHL,ZDAI,2025-05-16,alpaca:corporate-actions:name_change,2026-09-28T02:59:35Z
WW,WGHTQ,2025-05-16,alpaca:corporate-actions:name_change,2026-09-28T02:59:35Z
AFMD,AFMDQ,2025-05-20,alpaca:corporate-actions:name_change,2026-09-28T02:59:35Z
DMN,DMNIF,2025-05-20,alpaca:corporate-actions:name_change,2026-09-28T02:59:35Z
ZAPP,ZAPPF,2025-05-20,alpaca:corporate-actions:name_change,2026-09-28T02:59:35Z
ZAPPW,ZAPWF,2025-05-20,alpaca:corporate-actions:name_change,2026-09-28T02:59:35Z
KDLY,NAKA,2025-05-23,alpaca:corporate-actions:name_change,2026-09-28T02:59:35Z
KDLYW,NAKAW,2025-05-23,alpaca:corporate-actions:name_change,2026-09-28T02:59:35Z
TOPW,SORA,2025-05-27,alpaca:corporate-actions:name_change,2026-09-28T02:59:35Z
VSTE,VSTTF,2025-05-28,alpaca:corporate-actions:name_change,2026-09-28T02:59:35Z
VSTEW,VSTWF,2025-05-28,alpaca:corporate-actions:name_change,2026-09-28T02:59:35Z
SYT,SYTTY,2025-05-29,alpaca:corporate-actions:name_change,2026-09-28T02:59:35Z
AZUL,AZULQ,2025-05-30,alpaca:corporate-actions:name_change,2026-09-28T02:59:35Z
BHK-RTWI,BHK-RT,2025-05-30,alpaca:corporate-actions:name_change,2026-09-28T02:59:35Z
EUSC,OPPE,2025-06-02,alpaca:corporate-actions:name_change,2026-09-28T02:59:35Z
JUNE,SUPX,2025-06-02,alpaca:corporate-actions:name_change,2026-09-28T02:59:35Z
NGLOY,NGLOD,2025-06-02,alpaca:corporate-actions:name_change,2026-09-28T02:59:35Z
NVW,NVDW,2025-06-02,alpaca:corporate-actions:name_change,2026-09-28T02:59:35Z
TSW,TSLW,2025-06-02,alpaca:corporate-actions:name_change,2026-09-28T02:59:35Z
CLEU,CLEUF,2025-06-03,alpaca:corporate-actions:name_change,2026-09-28T02:59:35Z
JUNE,SUPX,2025-06-03,alpaca:corporate-actions:name_change,2026-09-28T02:59:35Z
BSII,TGE,2025-06-05,alpaca:corporate-actions:name_change,2026-09-28T02:59:35Z
BSIIW,TGE-WS,2025-06-05,alpaca:corporate-actions:name_change,2026-09-28T02:59:35Z
ABHY,ABXB,2025-06-06,alpaca:corporate-actions:name_change,2026-09-28T02:59:35Z
HCVI,NAMM,2025-06-06,alpaca:corporate-actions:name_change,2026-09-28T02:59:35Z
HCVIW,NAMMW,2025-06-06,alpaca:corporate-actions:name_change,2026-09-28T02:59:35Z
CSWI,CSW,2025-06-09,alpaca:corporate-actions:name_change,2026-09-28T02:59:35Z
BHACW,98400U111,2025-06-10,alpaca:corporate-actions:name_change,2026-09-28T02:59:35Z
GB-WS,GBGWF,2025-06-10,alpaca:corporate-actions:name_change,2026-09-28T02:59:35Z
NOVA,NOVAQ,2025-06-10,alpaca:corporate-actions:name_change,2026-09-28T02:59:35Z
OB,TEAD,2025-06-10,alpaca:corporate-actions:name_change,2026-09-28T02:59:35Z
JBSAY,JBS,2025-06-11,alpaca:corporate-actions:name_change,2026-09-28T02:59:35Z
AIMI,AIMID,2025-06-12,alpaca:corporate-actions:name_change,2026-09-28T02:59:35Z
CEAD,VAPE,2025-06-13,alpaca:corporate-actions:name_change,2026-09-28T02:59:35Z
CEADW,VAPEW,2025-06-13,alpaca:corporate-actions:name_change,2026-09-28T02:59:35Z
EQC,294ESC017,2025-06-16,alpaca:corporate-actions:name_change,2026-09-28T02:59:35Z
GLYC,CBIO,2025-06-16,alpaca:corporate-actions:name_change,2026-09-28T02:59:35Z
AIMID,AIM,2025-06-17,alpaca:corporate-actions:name_change,2026-09-28T02:59:35Z
SCD-RTWI,SCD-RT,2025-06-17,alpaca:corporate-actions:name_change,2026-09-28T02:59:35Z
OCX,IMDX,2025-06-18,alpaca:corporate-actions:name_change,2026-09-28T02:59:35Z
BROG,BROGF,2025-06-20,alpaca:corporate-actions:name_change,2026-09-28T02:59:35Z
LDTC,LDTCF,2025-06-20,alpaca:corporate-actions:name_change,2026-09-28T02:59:35Z
LDTCW,LDTDF,2025-06-20,alpaca:corporate-actions:name_change,2026-09-28T02:59:35Z
FMTO,FMTOF,2025-06-23,alpaca:corporate-actions:name_change,2026-09-28T02:59:35Z
GXG,COLO,2025-06-23,alpaca:corporate-actions:name_change,2026-09-28T02:59:35Z
FNGB,FNGU,2025-06-24,alpaca:corporate-actions:name_change,2026-09-28T02:59:35Z
SUP,SSUP,2025-06-25,alpaca:corporate-actions:name_change,2026-09-28T02:59:35Z
98262P200,WGHW,2025-06-27,alpaca:corporate-actions:name_change,2026-09-28T02:59:35Z
NETZ,PWRD,2025-06-27,alpaca:corporate-actions:name_change,2026-09-28T02:59:35Z
FGB,FBDC,2025-06-30,alpaca:corporate-actions:name_change,2026-09-28T02:59:35Z
FNVTF,SCAG,2025-06-30,alpaca:corporate-actions:name_change,2026-09-28T02:59:35Z
FNVWF,SCAGW,2025-06-30,alpaca:corporate-actions:name_change,2026-09-28T02:59:35Z
KWE,DFSC,2025-06-30,alpaca:corporate-actions:name_change,2026-09-28T02:59:35Z
KWESW,DFSCW,2025-06-30,alpaca:corporate-actions:name_change,2026-09-28T02:59:35Z
BPT,BPPTU,2025-07-01,alpaca:corporate-actions:name_change,2026-09-28T02:59:35Z
DXJS,OPPJ,2025-07-01,alpaca:corporate-actions:name_change,2026-09-28T02:59:35Z
LANC,MZTI,2025-07-01,alpaca:corporate-actions:name_change,2026-09-28T02:59:35Z
NGLOD,NGLOY,2025-07-01,alpaca:corporate-actions:name_change,2026-09-28T02:59:35Z
SNPX,TAOX,2025-07-01,alpaca:corporate-actions:name_change,2026-09-28T02:59:35Z
3125,9125,2025-07-02,alpaca:corporate-actions:name_change,2026-09-28T02:59:35Z
CHRO,PTHS,2025-07-02,alpaca:corporate-actions:name_change,2026-09-28T02:59:35Z
IGT,BRSL,2025-07-02,alpaca:corporate-actions:name_change,2026-09-28T02:59:35Z
DMNIF,DMNID,2025-07-03,alpaca:corporate-actions:name_change,2026-09-28T02:59:35Z
EYEN,HYPD,2025-07-03,alpaca:corporate-actions:name_change,2026-09-28T02:59:35Z
CUBA,HERZ,2025-07-07,alpaca:corporate-actions:name_change,2026-09-28T02:59:35Z
LTRY,SEGG,2025-07-08,alpaca:corporate-actions:name_change,2026-09-28T02:59:35Z
SPGYF,WCPRF,2025-07-08,alpaca:corporate-actions:name_change,2026-09-28T02:59:35Z
WGHW,WW,2025-07-08,alpaca:corporate-actions:name_change,2026-09-28T02:59:35Z
DTCB,DTCBD,2025-07-09,alpaca:corporate-actions:name_change,2026-09-28T02:59:35Z
UBX,UNBX,2025-07-09,alpaca:corporate-actions:name_change,2026-09-28T02:59:35Z
DIST,YOUL,2025-07-10,alpaca:corporate-actions:name_change,2026-09-28T02:59:35Z
MINM,FIEE,2025-07-10,alpaca:corporate-actions:name_change,2026-09-28T02:59:35Z
GENN,GENNQ,2025-07-11,alpaca:corporate-actions:name_change,2026-09-28T02:59:35Z
NVAC,PFSA,2025-07-14,alpaca:corporate-actions:name_change,2026-09-28T02:59:35Z
PLAO,PLAOF,2025-07-14,alpaca:corporate-actions:name_change,2026-09-28T02:59:35Z
BNIXW,VWAVW,2025-07-15,alpaca:corporate-actions:name_change,2026-09-28T02:59:35Z
CLBR,PEW,2025-07-16,alpaca:corporate-actions:name_change,2026-09-28T02:59:35Z
CLBR-WS,PEW-WS,2025-07-16,alpaca:corporate-actions:name_change,2026-09-28T02:59:35Z
LBDKV,LBRDK,2025-07-16,alpaca:corporate-actions:name_change,2026-09-28T02:59:35Z
PAPLF,PAPLD,2025-07-16,alpaca:corporate-actions:name_change,2026-09-28T02:59:35Z
RTCJF,RTCJD,2025-07-16,alpaca:corporate-actions:name_change,2026-09-28T02:59:35Z
CGBS,CGBSF,2025-07-17,alpaca:corporate-actions:name_change,2026-09-28T02:59:35Z
CGBSW,CGBWF,2025-07-17,alpaca:corporate-actions:name_change,2026-09-28T02:59:35Z
SRM,TRON,2025-07-17,alpaca:corporate-actions:name_change,2026-09-28T02:59:35Z
DTCBD,DTC,2025-07-18,alpaca:corporate-actions:name_change,2026-09-28T02:59:35Z
KIND,NXDR,2025-07-21,alpaca:corporate-actions:name_change,2026-09-28T02:59:35Z
PAPLD,PAPL,2025-07-22,alpaca:corporate-actions:name_change,2026-09-28T02:59:35Z
DTC,SBDS,2025-07-24,alpaca:corporate-actions:name_change,2026-09-28T02:59:35Z
SBEV-WS,SBEVW,2025-07-24,alpaca:corporate-actions:name_change,2026-09-28T02:59:35Z
FATBW,FAT,2025-07-25,alpaca:corporate-actions:name_change,2026-09-28T02:59:35Z
IKNA,IMA,2025-07-28,alpaca:corporate-actions:name_change,2026-09-28T02:59:35Z
MULN,BINI,2025-07-28,alpaca:corporate-actions:name_change,2026-09-28T02:59:35Z
VLDX,VLDXD,2025-07-28,alpaca:corporate-actions:name_change,2026-09-28T02:59:35Z
KIRK,TBHC,2025-07-29,alpaca:corporate-actions:name_change,2026-09-28T02:59:35Z
PET,PETXQ,2025-07-30,alpaca:corporate-actions:name_change,2026-09-28T02:59:35Z
PETWW,PETWQ,2025-07-30,alpaca:corporate-actions:name_change,2026-09-28T02:59:35Z
CCCM,BRR,2025-07-31,alpaca:corporate-actions:name_change,2026-09-28T02:59:35Z
CCCMU,BRRWU,2025-07-31,alpaca:corporate-actions:name_change,2026-09-28T02:59:35Z
CCCMW,BRRWW,2025-07-31,alpaca:corporate-actions:name_change,2026-09-28T02:59:35Z
VINOQ,VINO,2025-07-31,alpaca:corporate-actions:name_change,2026-09-28T02:59:35Z
VLCN,EMPD,2025-07-31,alpaca:corporate-actions:name_change,2026-09-28T02:59:35Z
BIGC,CMRC,2025-08-01,alpaca:corporate-actions:name_change,2026-09-28T02:59:35Z
DMNID,DMNIF,2025-08-01,alpaca:corporate-actions:name_change,2026-09-28T02:59:35Z
PEVM,PEVMD,2025-08-01,alpaca:corporate-actions:name_change,2026-09-28T02:59:35Z
VAPE,BNC,2025-08-06,alpaca:corporate-actions:name_change,2026-09-28T02:59:35Z
VAPEW,BNCWW,2025-08-06,alpaca:corporate-actions:name_change,2026-09-28T02:59:35Z
SPRB,SPRBD,2025-08-07,alpaca:corporate-actions:name_change,2026-09-28T02:59:35Z
AIFE,PGAC,2025-08-08,alpaca:corporate-actions:name_change,2026-09-28T02:59:35Z
AIFER,PGACR,2025-08-08,alpaca:corporate-actions:name_change,2026-09-28T02:59:35Z
AIFEU,PGACU,2025-08-08,alpaca:corporate-actions:name_change,2026-09-28T02:59:35Z
CHEB,PLBL,2025-08-08,alpaca:corporate-actions:name_change,2026-09-28T02:59:35Z
DATS,MYSE,2025-08-11,alpaca:corporate-actions:name_change,2026-09-28T02:59:35Z
DATSW,MYSEW,2025-08-11,alpaca:corporate-actions:name_change,2026-09-28T02:59:35Z
FGF,FGNX,2025-08-11,alpaca:corporate-actions:name_change,2026-09-28T02:59:35Z
FGFPP,FGNXP,2025-08-11,alpaca:corporate-actions:name_change,2026-09-28T02:59:35Z
SBIO,SBIX,2025-08-11,alpaca:corporate-actions:name_change,2026-09-28T02:59:35Z
HLXB,BBOT,2025-08-12,alpaca:corporate-actions:name_change,2026-09-28T02:59:35Z
PTNT,PTNTD,2025-08-12,alpaca:corporate-actions:name_change,2026-09-28T02:59:35Z
USM,AD,2025-08-12,alpaca:corporate-actions:name_change,2026-09-28T02:59:35Z
NEHC,NUAI,2025-08-13,alpaca:corporate-actions:name_change,2026-09-28T02:59:35Z
NEHCW,NUAIW,2025-08-13,alpaca:corporate-actions:name_change,2026-09-28T02:59:35Z
RMBL,RDNW,2025-08-13,alpaca:corporate-actions:name_change,2026-09-28T02:59:35Z
RTCJD,RTCJF,2025-08-13,alpaca:corporate-actions:name_change,2026-09-28T02:59:35Z
CCIR,KYIV,2025-08-15,alpaca:corporate-actions:name_change,2026-09-28T02:59:35Z
CCIRW,KYIVW,2025-08-15,alpaca:corporate-actions:name_change,2026-09-28T02:59:35Z
KDLY,NAKA,2025-08-15,alpaca:corporate-actions:name_change,2026-09-28T02:59:35Z
KNW,USBC,2025-08-15,alpaca:corporate-actions:name_change,2026-09-28T02:59:35Z
RSLS,HIND,2025-08-15,alpaca:corporate-actions:name_change,2026-09-28T02:59:35Z
ATNF,ETHZ,2025-08-18,alpaca:corporate-actions:name_change,2026-09-28T02:59:35Z
ATNFW,ETHZW,2025-08-18,alpaca:corporate-actions:name_change,2026-09-28T02:59:35Z
AUVIQ,AUVI,2025-08-18,alpaca:corporate-actions:name_change,2026-09-28T02:59:35Z
AUVPQ,AUVIP,2025-08-18,alpaca:corporate-actions:name_change,2026-09-28T02:59:35Z
GELYY,GELHY,2025-08-18,alpaca:corporate-actions:name_change,2026-09-28T02:59:35Z
SNRE,SNREY,2025-08-18,alpaca:corporate-actions:name_change,2026-09-28T02:59:35Z
TBK,TFIN,2025-08-19,alpaca:corporate-actions:name_change,2026-09-28T02:59:35Z
TFINP,TFIN-PR,2025-08-19,alpaca:corporate-actions:name_change,2026-09-28T02:59:35Z
TPIC,TPICQ,2025-08-19,alpaca:corporate-actions:name_change,2026-09-28T02:59:35Z
EMCGR,EMCRF,2025-08-21,alpaca:corporate-actions:name_change,2026-09-28T02:59:35Z
EMCGW,EMCWF,2025-08-21,alpaca:corporate-actions:name_change,2026-09-28T02:59:35Z
ADD,ZNB,2025-08-22,alpaca:corporate-actions:name_change,2026-09-28T02:59:35Z
AYRO,SBLX,2025-08-25,alpaca:corporate-actions:name_change,2026-09-28T02:59:35Z
BIT-RTWI,BIT-RT,2025-08-25,alpaca:corporate-actions:name_change,2026-09-28T02:59:35Z
PTMN,BCIC,2025-08-25,alpaca:corporate-actions:name_change,2026-09-28T02:59:35Z
MCVT,SUIG,2025-08-26,alpaca:corporate-actions:name_change,2026-09-28T02:59:35Z
NWTN,AIIO,2025-08-26,alpaca:corporate-actions:name_change,2026-09-28T02:59:35Z
NWTNW,AIIOW,2025-08-26,alpaca:corporate-actions:name_change,2026-09-28T02:59:35Z
WLGS,WLGSF,2025-08-26,alpaca:corporate-actions:name_change,2026-09-28T02:59:35Z
DEVS,DEVSF,2025-08-27,alpaca:corporate-actions:name_change,2026-09-28T02:59:35Z
DYNX,ETHM,2025-08-27,alpaca:corporate-actions:name_change,2026-09-28T02:59:35Z
DYNXU,ETHMU,2025-08-27,alpaca:corporate-actions:name_change,2026-09-28T02:59:35Z
DYNXW,ETHMW,2025-08-27,alpaca:corporate-actions:name_change,2026-09-28T02:59:35Z
CETH,TETH,2025-08-28,alpaca:corporate-actions:name_change,2026-09-28T02:59:35Z
MODV,MODVQ,2025-08-28,alpaca:corporate-actions:name_change,2026-09-28T02:59:35Z
BLDE,SRTA,2025-08-29,alpaca:corporate-actions:name_change,2026-09-28T02:59:35Z
BLDEW,SRTAW,2025-08-29,alpaca:corporate-actions:name_change,2026-09-28T02:59:35Z
BYON,BBBY,2025-08-29,alpaca:corporate-actions:name_change,2026-09-28T02:59:35Z
AGFY,RYM,2025-09-02,alpaca:corporate-actions:name_change,2026-09-28T02:59:35Z
BHLB,BBT,2025-09-02,alpaca:corporate-actions:name_change,2026-09-28T02:59:35Z
FIBR,SYSB,2025-09-02,alpaca:corporate-actions:name_change,2026-09-28T02:59:35Z
HMST,MCHB,2025-09-02,alpaca:corporate-actions:name_change,2026-09-28T02:59:35Z
IEQ,IDEQ,2025-09-02,alpaca:corporate-actions:name_change,2026-09-28T02:59:35Z
VERB,TONX,2025-09-02,alpaca:corporate-actions:name_change,2026-09-28T02:59:35Z
ZZZ,BBB,2025-09-02,alpaca:corporate-actions:name_change,2026-09-28T02:59:35Z
CONNQ,208ESC012,2025-09-03,alpaca:corporate-actions:name_change,2026-09-28T02:59:35Z
ECLN,FPWR,2025-09-03,alpaca:corporate-actions:name_change,2026-09-28T02:59:35Z
FLYY,FLYYQ,2025-09-03,alpaca:corporate-actions:name_change,2026-09-28T02:59:35Z
GRYP,ABTC,2025-09-03,alpaca:corporate-actions:name_change,2026-09-28T02:59:35Z
NYMT,ADAM,2025-09-03,alpaca:corporate-actions:name_change,2026-09-28T02:59:35Z
NYMTG,ADAMG,2025-09-03,alpaca:corporate-actions:name_change,2026-09-28T02:59:35Z
NYMTH,ADAMH,2025-09-03,alpaca:corporate-actions:name_change,2026-09-28T02:59:35Z
NYMTI,ADAMI,2025-09-03,alpaca:corporate-actions:name_change,2026-09-28T02:59:35Z
NYMTL,ADAML,2025-09-03,alpaca:corporate-actions:name_change,2026-09-28T02:59:35Z
NYMTM,ADAMM,2025-09-03,alpaca:corporate-actions:name_change,2026-09-28T02:59:35Z
NYMTN,ADAMN,2025-09-03,alpaca:corporate-actions:name_change,2026-09-28T02:59:35Z
NYMTZ,ADAMZ,2025-09-03,alpaca:corporate-actions:name_change,2026-09-28T02:59:35Z
OTRK,OTRKQ,2025-09-03,alpaca:corporate-actions:name_change,2026-09-28T02:59:35Z
OTRKP,OTRQQ,2025-09-03,alpaca:corporate-actions:name_change,2026-09-28T02:59:35Z
PEVMD,PEVM,2025-09-03,alpaca:corporate-actions:name_change,2026-09-28T02:59:35Z
YOSH,VSTD,2025-09-03,alpaca:corporate-actions:name_change,2026-09-28T02:59:35Z
CSCI,CSCIF,2025-09-04,alpaca:corporate-actions:name_change,2026-09-28T02:59:35Z
IPA,HYFT,2025-09-04,alpaca:corporate-actions:name_change,2026-09-28T02:59:35Z
PRTG,ATON,2025-09-04,alpaca:corporate-actions:name_change,2026-09-28T02:59:35Z
ALCE,ALCED,2025-09-05,alpaca:corporate-actions:name_change,2026-09-28T02:59:35Z
HSON,STRR,2025-09-05,alpaca:corporate-actions:name_change,2026-09-28T02:59:35Z
HSONP,STRRP,2025-09-05,alpaca:corporate-actions:name_change,2026-09-28T02:59:35Z
SEVCF,SSM,2025-09-05,alpaca:corporate-actions:name_change,2026-09-28T02:59:35Z
SPRBD,SPRB,2025-09-05,alpaca:corporate-actions:name_change,2026-09-28T02:59:35Z
YORK,MCGA,2025-09-08,alpaca:corporate-actions:name_change,2026-09-28T02:59:35Z
YORKU,MCGAU,2025-09-08,alpaca:corporate-actions:name_change,2026-09-28T02:59:35Z
YORKW,MCGAW,2025-09-08,alpaca:corporate-actions:name_change,2026-09-28T02:59:35Z
PNST,PNSTQ,2025-09-10,alpaca:corporate-actions:name_change,2026-09-28T02:59:35Z
PNSTW,PNSWQ,2025-09-10,alpaca:corporate-actions:name_change,2026-09-28T02:59:35Z
PTNTD,PTNT,2025-09-10,alpaca:corporate-actions:name_change,2026-09-28T02:59:35Z
MEIP,LITS,2025-09-11,alpaca:corporate-actions:name_change,2026-09-28T02:59:35Z
OCTO,ORBS,2025-09-11,alpaca:corporate-actions:name_change,2026-09-28T02:59:35Z
BSGM,STEX,2025-09-12,alpaca:corporate-actions:name_change,2026-09-28T02:59:35Z
CYCC,BGMS,2025-09-12,alpaca:corporate-actions:name_change,2026-09-28T02:59:35Z
CYCCP,BGMSP,2025-09-12,alpaca:corporate-actions:name_change,2026-09-28T02:59:35Z
LFLY,LFLYD,2025-09-15,alpaca:corporate-actions:name_change,2026-09-28T02:59:35Z
LUXH,LUXHQ,2025-09-16,alpaca:corporate-actions:name_change,2026-09-28T02:59:35Z
LUXHP,LUXPQ,2025-09-16,alpaca:corporate-actions:name_change,2026-09-28T02:59:35Z
ANTE,YDKG,2025-09-19,alpaca:corporate-actions:name_change,2026-09-28T02:59:35Z
FAAS,FAASF,2025-09-19,alpaca:corporate-actions:name_change,2026-09-28T02:59:35Z
CASK,IPST,2025-09-22,alpaca:corporate-actions:name_change,2026-09-28T02:59:35Z
LSB,LSBCF,2025-09-22,alpaca:corporate-actions:name_change,2026-09-28T02:59:35Z
LSBPW,LSBWF,2025-09-22,alpaca:corporate-actions:name_change,2026-09-28T02:59:35Z
WHLM,WHLMD,2025-09-24,alpaca:corporate-actions:name_change,2026-09-28T02:59:35Z
AACT,KDK,2025-09-25,alpaca:corporate-actions:name_change,2026-09-28T02:59:35Z
AACT-WS,KDKRW,2025-09-25,alpaca:corporate-actions:name_change,2026-09-28T02:59:35Z
TNFA,QCLS,2025-09-25,alpaca:corporate-actions:name_change,2026-09-28T02:59:35Z
UTF-RTWI,UTF-RT,2025-09-25,alpaca:corporate-actions:name_change,2026-09-28T02:59:35Z
LYTHF,LYTHD,2025-09-26,alpaca:corporate-actions:name_change,2026-09-28T02:59:35Z
LIVR,GPT,2025-09-29,alpaca:corporate-actions:name_change,2026-09-28T02:59:35Z
CNFR,PRHI,2025-09-30,alpaca:corporate-actions:name_change,2026-09-28T02:59:35Z
CNFRZ,PRHIZ,2025-09-30,alpaca:corporate-actions:name_change,2026-09-28T02:59:35Z
DMYY-U,DMYYU,2025-09-30,alpaca:corporate-actions:name_change,2026-09-28T02:59:35Z
DMYY-WS,DMYYW,2025-09-30,alpaca:corporate-actions:name_change,2026-09-28T02:59:35Z
DRAG,MAGC,2025-10-01,alpaca:corporate-actions:name_change,2026-09-28T02:59:35Z
GNTY,GBCI,2025-10-01,alpaca:corporate-actions:name_change,2026-09-28T02:59:35Z
IROH,UCFI,2025-10-01,alpaca:corporate-actions:name_change,2026-09-28T02:59:35Z
IROHW,UCFIW,2025-10-01,alpaca:corporate-actions:name_change,2026-09-28T02:59:35Z
MJID,PASW,2025-10-01,alpaca:corporate-actions:name_change,2026-09-28T02:59:35Z
OEUR,OEFA,2025-10-01,alpaca:corporate-actions:name_change,2026-09-28T02:59:35Z
RENB,LNAI,2025-10-01,alpaca:corporate-actions:name_change,2026-09-28T02:59:35Z
NAVB,NAVBQ,2025-10-02,alpaca:corporate-actions:name_change,2026-09-28T02:59:35Z
TTNP,BTTC,2025-10-02,alpaca:corporate-actions:name_change,2026-09-28T02:59:35Z
ALCED,ALCE,2025-10-03,alpaca:corporate-actions:name_change,2026-09-28T02:59:35Z
BREA,SLMT,2025-10-03,alpaca:corporate-actions:name_change,2026-09-28T02:59:35Z
APDN,BNBX,2025-10-07,alpaca:corporate-actions:name_change,2026-09-28T02:59:35Z
OPI,OPITS,2025-10-07,alpaca:corporate-actions:name_change,2026-09-28T02:59:35Z
SYTA,CHAI,2025-10-07,alpaca:corporate-actions:name_change,2026-09-28T02:59:35Z
GSRT,NKLR,2025-10-10,alpaca:corporate-actions:name_change,2026-09-28T02:59:35Z
GSRTR,NKLR,2025-10-10,alpaca:corporate-actions:name_change,2026-09-28T02:59:35Z
SHOT,BNKK,2025-10-10,alpaca:corporate-actions:name_change,2026-09-28T02:59:35Z
SHOTW,BNKKW,2025-10-10,alpaca:corporate-actions:name_change,2026-09-28T02:59:35Z
SWIN,AXG,2025-10-10,alpaca:corporate-actions:name_change,2026-09-28T02:59:35Z
LPTV,LTPVQ,2025-10-13,alpaca:corporate-actions:name_change,2026-09-28T02:59:35Z
PWM,AURE,2025-10-13,alpaca:corporate-actions:name_change,2026-09-28T02:59:35Z
FATBW,FAT,2025-10-14,alpaca:corporate-actions:name_change,2026-09-28T02:59:35Z
BTCM,SLAI,2025-10-20,alpaca:corporate-actions:name_change,2026-09-28T02:59:35Z
WHLMD,WHLM,2025-10-20,alpaca:corporate-actions:name_change,2026-09-28T02:59:35Z
SVII,SVIIF,2025-10-21,alpaca:corporate-actions:name_change,2026-09-28T02:59:35Z
SVIIR,SVIRF,2025-10-21,alpaca:corporate-actions:name_change,2026-09-28T02:59:35Z
SVIIW,SVIWF,2025-10-21,alpaca:corporate-actions:name_change,2026-09-28T02:59:35Z
CSLWF,FUSEW,2025-10-23,alpaca:corporate-actions:name_change,2026-09-28T02:59:35Z
LYTHD,LYTHF,2025-10-24,alpaca:corporate-actions:name_change,2026-09-28T02:59:35Z
ADAP,ADAPY,2025-10-28,alpaca:corporate-actions:name_change,2026-09-28T02:59:35Z
LGMK,LGMKD,2025-10-28,alpaca:corporate-actions:name_change,2026-09-28T02:59:35Z
PHH,BYAH,2025-10-28,alpaca:corporate-actions:name_change,2026-09-28T02:59:35Z
AMBI,AMBIQ,2025-10-29,alpaca:corporate-actions:name_change,2026-09-28T02:59:35Z
AMBI-WS,AMBWQ,2025-10-29,alpaca:corporate-actions:name_change,2026-09-28T02:59:35Z
CCMG,SFGV,2025-10-29,alpaca:corporate-actions:name_change,2026-09-28T02:59:35Z
FILL,POWR,2025-10-29,alpaca:corporate-actions:name_change,2026-09-28T02:59:35Z
HOND,IMSR,2025-10-29,alpaca:corporate-actions:name_change,2026-09-28T02:59:35Z
HONDW,IMSRW,2025-10-29,alpaca:corporate-actions:name_change,2026-09-28T02:59:35Z
ZYN,XPM,2025-10-29,alpaca:corporate-actions:name_change,2026-09-28T02:59:35Z
747CVR033,747CNT053,2025-10-30,alpaca:corporate-actions:name_change,2026-09-28T02:59:35Z
AACI,XRPN,2025-10-30,alpaca:corporate-actions:name_change,2026-09-28T02:59:35Z
AACIU,XRPNU,2025-10-30,alpaca:corporate-actions:name_change,2026-09-28T02:59:35Z
AACIW,XRPNW,2025-10-30,alpaca:corporate-actions:name_change,2026-09-28T02:59:35Z
ADN,ADNH,2025-10-30,alpaca:corporate-actions:name_change,2026-09-28T02:59:35Z
GLLIW,ALPWF,2025-10-30,alpaca:corporate-actions:name_change,2026-09-28T02:59:35Z
IMAB,NBP,2025-10-30,alpaca:corporate-actions:name_change,2026-09-28T02:59:35Z
OPP-RTWI,OPP-RT,2025-10-30,alpaca:corporate-actions:name_change,2026-09-28T02:59:35Z
SOLSV,SOLS,2025-10-30,alpaca:corporate-actions:name_change,2026-09-28T02:59:35Z
CCCS,CCC,2025-10-31,alpaca:corporate-actions:name_change,2026-09-28T02:59:35Z
NLSP,NCEL,2025-10-31,alpaca:corporate-actions:name_change,2026-09-28T02:59:35Z
SPLG,SPYM,2025-10-31,alpaca:corporate-actions:name_change,2026-09-28T02:59:35Z
EQV,FTW,2025-11-03,alpaca:corporate-actions:name_change,2026-09-28T02:59:35Z
EQV-WS,FTW-WS,2025-11-03,alpaca:corporate-actions:name_change,2026-09-28T02:59:35Z
ERJ,EMBJ,2025-11-03,alpaca:corporate-actions:name_change,2026-09-28T02:59:35Z
GLLIW,ALPWF,2025-11-03,alpaca:corporate-actions:name_change,2026-09-28T02:59:35Z
HYXU,EUHY,2025-11-03,alpaca:corporate-actions:name_change,2026-09-28T02:59:35Z
OPIRL,OPIRQ,2025-11-03,alpaca:corporate-actions:name_change,2026-09-28T02:59:35Z
OPITS,OPITQ,2025-11-03,alpaca:corporate-actions:name_change,2026-09-28T02:59:35Z
PSFE-WS,PSEWF,2025-11-03,alpaca:corporate-actions:name_change,2026-09-28T02:59:35Z
Q-WI,Q,2025-11-03,alpaca:corporate-actions:name_change,2026-09-28T02:59:35Z
REED,REEDD,2025-11-03,alpaca:corporate-actions:name_change,2026-09-28T02:59:35Z
DSCF,DDX,2025-11-05,alpaca:corporate-actions:name_change,2026-09-28T02:59:35Z
EBR,AXIA,2025-11-10,alpaca:corporate-actions:name_change,2026-09-28T02:59:35Z
EBR-B,AXIA-PR,2025-11-10,alpaca:corporate-actions:name_change,2026-09-28T02:59:35Z
NVFY,XWIN,2025-11-10,alpaca:corporate-actions:name_change,2026-09-28T02:59:35Z
FI,FISV,2025-11-11,alpaca:corporate-actions:name_change,2026-09-28T02:59:35Z
QSG,HERE,2025-11-11,alpaca:corporate-actions:name_change,2026-09-28T02:59:35Z
PTNT,PTN,2025-11-12,alpaca:corporate-actions:name_change,2026-09-28T02:59:35Z
AGRI,AVX,2025-11-13,alpaca:corporate-actions:name_change,2026-09-28T02:59:35Z
GTI,GTIJF,2025-11-13,alpaca:corporate-actions:name_change,2026-09-28T02:59:35Z
LNW,LNWO,2025-11-13,alpaca:corporate-actions:name_change,2026-09-28T02:59:35Z
LPTX,CYPH,2025-11-13,alpaca:corporate-actions:name_change,2026-09-28T02:59:35Z
MFH,CD,2025-11-13,alpaca:corporate-actions:name_change,2026-09-28T02:59:35Z
FORD,FWDI,2025-11-17,alpaca:corporate-actions:name_change,2026-09-28T02:59:35Z
LNSTY,LSEGY,2025-11-17,alpaca:corporate-actions:name_change,2026-09-28T02:59:35Z
OP,SVRN,2025-11-17,alpaca:corporate-actions:name_change,2026-09-28T02:59:35Z
GCI,TDAY,2025-11-18,alpaca:corporate-actions:name_change,2026-09-28T02:59:35Z
ATUS,OPTU,2025-11-19,alpaca:corporate-actions:name_change,2026-09-28T02:59:35Z
QLGN,AIXC,2025-11-19,alpaca:corporate-actions:name_change,2026-09-28T02:59:35Z
AMBC,OSG,2025-11-20,alpaca:corporate-actions:name_change,2026-09-28T02:59:35Z
GNFT,GNFTY,2025-11-20,alpaca:corporate-actions:name_change,2026-09-28T02:59:35Z
OPT,OPTEY,2025-11-20,alpaca:corporate-actions:name_change,2026-09-28T02:59:35Z
AAMCF,AAMCD,2025-11-24,alpaca:corporate-actions:name_change,2026-09-28T02:59:35Z
SOND,SONDQ,2025-11-24,alpaca:corporate-actions:name_change,2026-09-28T02:59:35Z
SONDW,SONWQ,2025-11-24,alpaca:corporate-actions:name_change,2026-09-28T02:59:35Z
ELEMF,ELE,2025-11-25,alpaca:corporate-actions:name_change,2026-09-28T02:59:35Z
GFR-RTWI,GFR-RT,2025-11-25,alpaca:corporate-actions:name_change,2026-09-28T02:59:35Z
LGMKD,LGMK,2025-11-25,alpaca:corporate-actions:name_change,2026-09-28T02:59:35Z
MAYA,IPEX,2025-11-25,alpaca:corporate-actions:name_change,2026-09-28T02:59:35Z
MAYAR,IPEXR,2025-11-25,alpaca:corporate-actions:name_change,2026-09-28T02:59:35Z
MAYAU,IPEXU,2025-11-25,alpaca:corporate-actions:name_change,2026-09-28T02:59:35Z
MESA,RJET,2025-11-25,alpaca:corporate-actions:name_change,2026-09-28T02:59:35Z
CHEK,MBAI,2025-11-28,alpaca:corporate-actions:name_change,2026-09-28T02:59:35Z
AMBP-WS,AMPWF,2025-12-01,alpaca:corporate-actions:name_change,2026-09-28T02:59:35Z
CLSD,CLSDQ,2025-12-01,alpaca:corporate-actions:name_change,2026-09-28T02:59:35Z
ENTO,GRDX,2025-12-01,alpaca:corporate-actions:name_change,2026-09-28T02:59:35Z
AMRK,GOLD,2025-12-02,alpaca:corporate-actions:name_change,2026-09-28T02:59:35Z
DPLSD,DPLS,2025-12-02,alpaca:corporate-actions:name_change,2026-09-28T02:59:35Z
REEDD,REED,2025-12-02,alpaca:corporate-actions:name_change,2026-09-28T02:59:35Z
ISRL,ISRLF,2025-12-04,alpaca:corporate-actions:name_change,2026-09-28T02:59:35Z
ISRLU,ISLUF,2025-12-04,alpaca:corporate-actions:name_change,2026-09-28T02:59:35Z
ISRLW,ISLWF,2025-12-04,alpaca:corporate-actions:name_change,2026-09-28T02:59:35Z
TAIT,TAIQ,2025-12-04,alpaca:corporate-actions:name_change,2026-09-28T02:59:35Z
DOOO,DOO,2025-12-08,alpaca:corporate-actions:name_change,2026-09-28T02:59:35Z
DSHK,DSHKD,2025-12-08,alpaca:corporate-actions:name_change,2026-09-28T02:59:35Z
HUSA,AGIG,2025-12-08,alpaca:corporate-actions:name_change,2026-09-28T02:59:35Z
MEHCQ,901ESC012,2025-12-08,alpaca:corporate-actions:name_change,2026-09-28T02:59:35Z
CEP,XXI,2025-12-09,alpaca:corporate-actions:name_change,2026-09-28T02:59:35Z
MHUA,MHUAF,2025-12-09,alpaca:corporate-actions:name_change,2026-09-28T02:59:35Z
ASHTY,ASHGY,2025-12-10,alpaca:corporate-actions:name_change,2026-09-28T02:59:35Z
ATMV,AMCI,2025-12-10,alpaca:corporate-actions:name_change,2026-09-28T02:59:35Z
CJET,DCX,2025-12-10,alpaca:corporate-actions:name_change,2026-09-28T02:59:35Z
MCTR,TJGC,2025-12-10,alpaca:corporate-actions:name_change,2026-09-28T02:59:35Z
OBLG,TWAV,2025-12-10,alpaca:corporate-actions:name_change,2026-09-28T02:59:35Z
GRP-U,GREXF,2025-12-11,alpaca:corporate-actions:name_change,2026-09-28T02:59:35Z
HSPO,HSPOF,2025-12-12,alpaca:corporate-actions:name_change,2026-09-28T02:59:35Z
HSPOR,HSPRF,2025-12-12,alpaca:corporate-actions:name_change,2026-09-28T02:59:35Z
HSPOU,HSPUF,2025-12-12,alpaca:corporate-actions:name_change,2026-09-28T02:59:35Z
HSPOW,HSPWF,2025-12-12,alpaca:corporate-actions:name_change,2026-09-28T02:59:35Z
NAOV,FEED,2025-12-12,alpaca:corporate-actions:name_change,2026-09-28T02:59:35Z
POAI,AGPU,2025-12-12,alpaca:corporate-actions:name_change,2026-09-28T02:59:35Z
YGMZ,YGMZF,2025-12-12,alpaca:corporate-actions:name_change,2026-09-28T02:59:35Z
BLMZ,BLMZF,2025-12-15,alpaca:corporate-actions:name_change,2026-09-28T02:59:35Z
GAST,GGTL,2025-12-15,alpaca:corporate-actions:name_change,2026-09-28T02:59:35Z
LFLYD,LFLH,2025-12-15,alpaca:corporate-actions:name_change,2026-09-28T02:59:35Z
ARBKL,ARBK,2025-12-16,alpaca:corporate-actions:name_change,2026-09-28T02:59:35Z
BARK-WS,BARKW,2025-12-16,alpaca:corporate-actions:name_change,2026-09-28T02:59:35Z
RNLXD,RNLXY,2025-12-16,alpaca:corporate-actions:name_change,2026-09-28T02:59:35Z
TZUP,DTCX,2025-12-16,alpaca:corporate-actions:name_change,2026-09-28T02:59:35Z
WTER,WTERD,2025-12-16,alpaca:corporate-actions:name_change,2026-09-28T02:59:35Z
RBOT-WS,RBOTW,2025-12-17,alpaca:corporate-actions:name_change,2026-09-28T02:59:35Z
USTWF,SHAZW,2025-12-18,alpaca:corporate-actions:name_change,2026-09-28T02:59:35Z
SGD,RENX,2025-12-19,alpaca:corporate-actions:name_change,2026-09-28T02:59:35Z
SNPV,XOEX,2025-12-19,alpaca:corporate-actions:name_change,2026-09-28T02:59:35Z
AZAA,APRT,2025-12-22,alpaca:corporate-actions:name_change,2026-09-28T02:59:35Z
AZBA,APRW,2025-12-22,alpaca:corporate-actions:name_change,2026-09-28T02:59:35Z
IRBT,IRBTQ,2025-12-22,alpaca:corporate-actions:name_change,2026-09-28T02:59:35Z
QD,HTT,2025-12-22,alpaca:corporate-actions:name_change,2026-09-28T02:59:35Z
RAYD,RWLC,2025-12-22,alpaca:corporate-actions:name_change,2026-09-28T02:59:35Z
RAYE,RWEM,2025-12-22,alpaca:corporate-actions:name_change,2026-09-28T02:59:35Z
UWMC-WS,UWMCW,2025-12-22,alpaca:corporate-actions:name_change,2026-09-28T02:59:35Z
AAMCD,AAMCF,2025-12-23,alpaca:corporate-actions:name_change,2026-09-28T02:59:35Z
EPWK,EPWKF,2025-12-23,alpaca:corporate-actions:name_change,2026-09-28T02:59:35Z
FPAY,FPAYQ,2025-12-23,alpaca:corporate-actions:name_change,2026-09-28T02:59:35Z
LAZR,LAZRQ,2025-12-24,alpaca:corporate-actions:name_change,2026-09-28T02:59:35Z
STEC,BVC,2025-12-24,alpaca:corporate-actions:name_change,2026-09-28T02:59:35Z
ZYXI,ZYXIQ,2025-12-24,alpaca:corporate-actions:name_change,2026-09-28T02:59:35Z
ELP,ELPC,2025-12-26,alpaca:corporate-actions:name_change,2026-09-28T02:59:35Z
KAR,OPLN,2025-12-26,alpaca:corporate-actions:name_change,2026-09-28T02:59:35Z
ABL,ABX,2025-12-30,alpaca:corporate-actions:name_change,2026-09-28T02:59:35Z
ABLLL,ABXL,2025-12-30,alpaca:corporate-actions:name_change,2026-09-28T02:59:35Z
OEUR,OEFA,2025-12-30,alpaca:corporate-actions:name_change,2026-09-28T02:59:35Z
DSHKD,GLFE,2026-01-02,alpaca:corporate-actions:name_change,2026-09-28T02:59:35Z
MOGO,ORIO,2026-01-02,alpaca:corporate-actions:name_change,2026-09-28T02:59:35Z
OMI,ACH,2026-01-02,alpaca:corporate-actions:name_change,2026-09-28T02:59:35Z
XFIX,ZHOG,2026-01-02,alpaca:corporate-actions:name_change,2026-09-28T02:59:35Z
AZULQ,AZULD,2026-01-05,alpaca:corporate-actions:name_change,2026-09-28T02:59:35Z
CYBN,HELP,2026-01-05,alpaca:corporate-actions:name_change,2026-09-28T02:59:35Z
VSNTV,VSNT,2026-01-05,alpaca:corporate-actions:name_change,2026-09-28T02:59:35Z
DGLY,KUST,2026-01-08,alpaca:corporate-actions:name_change,2026-09-28T02:59:35Z
FGEN,KYNB,2026-01-08,alpaca:corporate-actions:name_change,2026-09-28T02:59:35Z
SLRX,DCOY,2026-01-08,alpaca:corporate-actions:name_change,2026-09-28T02:59:35Z
IRRXW,UIGCW,2026-01-09,alpaca:corporate-actions:name_change,2026-09-28T02:59:35Z
ATHA,LONA,2026-01-12,alpaca:corporate-actions:name_change,2026-09-28T02:59:35Z
HYT-RTWI,HYT-RT,2026-01-12,alpaca:corporate-actions:name_change,2026-09-28T02:59:35Z
DYNT,DYNTQ,2026-01-13,alpaca:corporate-actions:name_change,2026-09-28T02:59:35Z
COMM,VISN,2026-01-14,alpaca:corporate-actions:name_change,2026-09-28T02:59:35Z
MMC,MRSH,2026-01-14,alpaca:corporate-actions:name_change,2026-09-28T02:59:35Z
BFLY-WS,BFLYW,2026-01-15,alpaca:corporate-actions:name_change,2026-09-28T02:59:35Z
MNMD,DFTX,2026-01-15,alpaca:corporate-actions:name_change,2026-09-28T02:59:35Z
RNLXD,RNLXY,2026-01-15,alpaca:corporate-actions:name_change,2026-09-28T02:59:35Z
WTERD,WTER,2026-01-15,alpaca:corporate-actions:name_change,2026-09-28T02:59:35Z
MODG,CALY,2026-01-16,alpaca:corporate-actions:name_change,2026-09-28T02:59:35Z
PT,JF,2026-01-16,alpaca:corporate-actions:name_change,2026-09-28T02:59:35Z
PTHL,ITOC,2026-01-16,alpaca:corporate-actions:name_change,2026-09-28T02:59:35Z
ELWS,PDC,2026-01-20,alpaca:corporate-actions:name_change,2026-09-28T02:59:35Z
TEF,TELFY,2026-01-20,alpaca:corporate-actions:name_change,2026-09-28T02:59:35Z
IVP,IVPR,2026-01-21,alpaca:corporate-actions:name_change,2026-09-28T02:59:35Z
SGBX,OLOX,2026-01-22,alpaca:corporate-actions:name_change,2026-09-28T02:59:35Z
CMPO,GPGI,2026-01-23,alpaca:corporate-actions:name_change,2026-09-28T02:59:35Z
LOGC,LOGCD,2026-01-23,alpaca:corporate-actions:name_change,2026-09-28T02:59:35Z
RELI,EZRA,2026-01-26,alpaca:corporate-actions:name_change,2026-09-28T02:59:35Z
RELIW,EZRAW,2026-01-26,alpaca:corporate-actions:name_change,2026-09-28T02:59:35Z
QTIH,QTI,2026-01-28,alpaca:corporate-actions:name_change,2026-09-28T02:59:35Z
SPC,CUSD,2026-01-28,alpaca:corporate-actions:name_change,2026-09-28T02:59:35Z
FLGC,ZSTK,2026-01-29,alpaca:corporate-actions:name_change,2026-09-28T02:59:35Z
SMNEY,SMERY,2026-01-30,alpaca:corporate-actions:name_change,2026-09-28T02:59:35Z
LDWY,TULP,2026-02-02,alpaca:corporate-actions:name_change,2026-09-28T02:59:35Z
MPW,MPT,2026-02-02,alpaca:corporate-actions:name_change,2026-09-28T02:59:35Z
NINE,NINEQ,2026-02-03,alpaca:corporate-actions:name_change,2026-09-28T02:59:35Z
FAT,FATAQ,2026-02-04,alpaca:corporate-actions:name_change,2026-09-28T02:59:35Z
FATBB,FABTQ,2026-02-04,alpaca:corporate-actions:name_change,2026-09-28T02:59:35Z
FATBP,FATPQ,2026-02-04,alpaca:corporate-actions:name_change,2026-09-28T02:59:35Z
TWNP,TWNPQ,2026-02-04,alpaca:corporate-actions:name_change,2026-09-28T02:59:35Z
185CNT011,18506U302,2026-02-05,alpaca:corporate-actions:name_change,2026-09-28T02:59:35Z
AXL,DCH,2026-02-05,alpaca:corporate-actions:name_change,2026-09-28T02:59:35Z
GLOV,GSWO,2026-02-05,alpaca:corporate-actions:name_change,2026-09-28T02:59:35Z
812CNT012,SEAV,2026-02-09,alpaca:corporate-actions:name_change,2026-09-28T02:59:35Z
CREV,CREVF,2026-02-09,alpaca:corporate-actions:name_change,2026-09-28T02:59:35Z
CREVW,CRPWF,2026-02-09,alpaca:corporate-actions:name_change,2026-09-28T02:59:35Z
NUKK,DFNS,2026-02-09,alpaca:corporate-actions:name_change,2026-09-28T02:59:35Z
NUKKW,DFNSW,2026-02-09,alpaca:corporate-actions:name_change,2026-09-28T02:59:35Z
CYAN,CYAND,2026-02-10,alpaca:corporate-actions:name_change,2026-09-28T02:59:35Z
JRI-RTWI,JRI-RT,2026-02-10,alpaca:corporate-actions:name_change,2026-09-28T02:59:35Z
GPLDF,GPLDQ,2026-02-11,alpaca:corporate-actions:name_change,2026-09-28T02:59:35Z
PX,RPC,2026-02-11,alpaca:corporate-actions:name_change,2026-09-28T02:59:35Z
NISN,AIOS,2026-02-12,alpaca:corporate-actions:name_change,2026-09-28T02:59:35Z
GMET,EMET,2026-02-13,alpaca:corporate-actions:name_change,2026-09-28T02:59:35Z
CCCX,INFQ,2026-02-17,alpaca:corporate-actions:name_change,2026-09-28T02:59:35Z
CCCXW,INFQ-WS,2026-02-17,alpaca:corporate-actions:name_change,2026-09-28T02:59:35Z
THAR,CNTN,2026-02-18,alpaca:corporate-actions:name_change,2026-09-28T02:59:35Z
ARMN,ARIS,2026-02-19,alpaca:corporate-actions:name_change,2026-09-28T02:59:35Z
VRAR,GGRP,2026-02-19,alpaca:corporate-actions:name_change,2026-09-28T02:59:35Z
ABP,ABPO,2026-02-23,alpaca:corporate-actions:name_change,2026-09-28T02:59:35Z
GMRE,XRN,2026-02-23,alpaca:corporate-actions:name_change,2026-09-28T02:59:35Z
GMRE-PRA,XRN-PRA,2026-02-23,alpaca:corporate-actions:name_change,2026-09-28T02:59:35Z
HIYS,GTOH,2026-02-23,alpaca:corporate-actions:name_change,2026-09-28T02:59:35Z
IHYF,GTOQ,2026-02-23,alpaca:corporate-actions:name_change,2026-09-28T02:59:35Z
KBWR,FDIQ,2026-02-23,alpaca:corporate-actions:name_change,2026-09-28T02:59:35Z
LOGCD,LOGC,2026-02-23,alpaca:corporate-actions:name_change,2026-09-28T02:59:35Z
PHB,IFLN,2026-02-23,alpaca:corporate-actions:name_change,2026-09-28T02:59:35Z
PIN,IMVP,2026-02-23,alpaca:corporate-actions:name_change,2026-09-28T02:59:35Z
SPVU,QVMT,2026-02-23,alpaca:corporate-actions:name_change,2026-09-28T02:59:35Z
ATGE,CVSA,2026-02-24,alpaca:corporate-actions:name_change,2026-09-28T02:59:35Z
AZLUD,AZLUY,2026-02-24,alpaca:corporate-actions:name_change,2026-09-28T02:59:35Z
LVRO,LVROF,2026-02-24,alpaca:corporate-actions:name_change,2026-09-28T02:59:35Z
LVROW,LVRWF,2026-02-24,alpaca:corporate-actions:name_change,2026-09-28T02:59:35Z
RYI,RYZ,2026-02-24,alpaca:corporate-actions:name_change,2026-09-28T02:59:35Z
BLBX,ALOY,2026-02-25,alpaca:corporate-actions:name_change,2026-09-28T02:59:35Z
SVIIF,NUCL,2026-02-25,alpaca:corporate-actions:name_change,2026-09-28T02:59:35Z
SVIWF,NUCLW,2026-02-25,alpaca:corporate-actions:name_change,2026-09-28T02:59:35Z
TSI-RTWI,TSI-RT,2026-02-25,alpaca:corporate-actions:name_change,2026-09-28T02:59:35Z
CASI,CASIF,2026-02-26,alpaca:corporate-actions:name_change,2026-09-28T02:59:35Z
NITO,NXTS,2026-02-26,alpaca:corporate-actions:name_change,2026-09-28T02:59:35Z
RNA,RNAM,2026-02-26,alpaca:corporate-actions:name_change,2026-09-28T02:59:35Z
AHH,AHRT,2026-03-02,alpaca:corporate-actions:name_change,2026-09-28T02:59:35Z
AHH-PRA,AHRT-PRA,2026-03-02,alpaca:corporate-actions:name_change,2026-09-28T02:59:35Z
ASHGY,SUNB,2026-03-02,alpaca:corporate-actions:name_change,2026-09-28T02:59:35Z
DMAT,EART,2026-03-02,alpaca:corporate-actions:name_change,2026-09-28T02:59:35Z
ETHZ,FRMM,2026-03-02,alpaca:corporate-actions:name_change,2026-09-28T02:59:35Z
JPMO,JPO,2026-03-02,alpaca:corporate-actions:name_change,2026-09-28T02:59:35Z
RBGLD,RBGLY,2026-03-03,alpaca:corporate-actions:name_change,2026-09-28T02:59:35Z
TSE,TSEOF,2026-03-03,alpaca:corporate-actions:name_change,2026-09-28T02:59:35Z
OPGN,CFOR,2026-03-04,alpaca:corporate-actions:name_change,2026-09-28T02:59:35Z
RMTHF,M68CNT019,2026-03-04,alpaca:corporate-actions:name_change,2026-09-28T02:59:35Z
CTHR,CTHRQ,2026-03-05,alpaca:corporate-actions:name_change,2026-09-28T02:59:35Z
GAB-RTWI,GAB-RT,2026-03-05,alpaca:corporate-actions:name_change,2026-09-28T02:59:35Z
TIRX,TIRXF,2026-03-05,alpaca:corporate-actions:name_change,2026-09-28T02:59:35Z
CMLS,CMLSQ,2026-03-06,alpaca:corporate-actions:name_change,2026-09-28T02:59:35Z
IMG,CIMG,2026-03-06,alpaca:corporate-actions:name_change,2026-09-28T02:59:35Z
ALUR-WS,ALURW,2026-03-09,alpaca:corporate-actions:name_change,2026-09-28T02:59:35Z
CYAND,CYAN,2026-03-10,alpaca:corporate-actions:name_change,2026-09-28T02:59:35Z
ESGL,OIO,2026-03-10,alpaca:corporate-actions:name_change,2026-09-28T02:59:35Z
ESGLW,OIOWW,2026-03-10,alpaca:corporate-actions:name_change,2026-09-28T02:59:35Z
GLTO,DMRA,2026-03-10,alpaca:corporate-actions:name_change,2026-09-28T02:59:35Z
SAVA,FLNA,2026-03-11,alpaca:corporate-actions:name_change,2026-09-28T02:59:35Z
AZLUD,AZLUY,2026-03-12,alpaca:corporate-actions:name_change,2026-09-28T02:59:35Z
FTEL,GMEX,2026-03-12,alpaca:corporate-actions:name_change,2026-09-28T02:59:35Z
KLTO,GRML,2026-03-12,alpaca:corporate-actions:name_change,2026-09-28T02:59:35Z
KLTOW,GRMLW,2026-03-12,alpaca:corporate-actions:name_change,2026-09-28T02:59:35Z
MYNZ,QUCY,2026-03-12,alpaca:corporate-actions:name_change,2026-09-28T02:59:35Z
BHAT,BHATF,2026-03-16,alpaca:corporate-actions:name_change,2026-09-28T02:59:35Z
BUI-RTWI,BUI-RT,2026-03-16,alpaca:corporate-actions:name_change,2026-09-28T02:59:35Z
LITM,FNUC,2026-03-16,alpaca:corporate-actions:name_change,2026-09-28T02:59:35Z
VVPR,VIVO,2026-03-16,alpaca:corporate-actions:name_change,2026-09-28T02:59:35Z
BACQ,MRLN,2026-03-17,alpaca:corporate-actions:name_change,2026-09-28T02:59:35Z
PEVMD,PEVM,2026-03-17,alpaca:corporate-actions:name_change,2026-09-28T02:59:35Z
ULY,ULYX,2026-03-18,alpaca:corporate-actions:name_change,2026-09-28T02:59:35Z
ZENV,ZENVF,2026-03-19,alpaca:corporate-actions:name_change,2026-09-28T02:59:35Z
DMYY,HQ,2026-03-20,alpaca:corporate-actions:name_change,2026-09-28T02:59:35Z
DMYYW,HQWWW,2026-03-20,alpaca:corporate-actions:name_change,2026-09-28T02:59:35Z
UOKA,UOKAF,2026-03-20,alpaca:corporate-actions:name_change,2026-09-28T02:59:35Z
WPAY,TOPW,2026-03-23,alpaca:corporate-actions:name_change,2026-09-28T02:59:35Z
CRTDD,CRTD,2026-03-24,alpaca:corporate-actions:name_change,2026-09-28T02:59:35Z
FNCH,FNCHQ,2026-03-24,alpaca:corporate-actions:name_change,2026-09-28T02:59:35Z
DTCK,DTCKF,2026-03-25,alpaca:corporate-actions:name_change,2026-09-28T02:59:35Z
NHS-RTWI,NHS-RT,2026-03-26,alpaca:corporate-actions:name_change,2026-09-28T02:59:35Z
NOTE-WS,NOTEW,2026-03-26,alpaca:corporate-actions:name_change,2026-09-28T02:59:35Z
PELI,GLND,2026-03-26,alpaca:corporate-actions:name_change,2026-09-28T02:59:35Z
CHAC,XNDU,2026-03-27,alpaca:corporate-actions:name_change,2026-09-28T02:59:35Z
CMBM,CMBMF,2026-03-27,alpaca:corporate-actions:name_change,2026-09-28T02:59:35Z
RVRB,VOXP,2026-03-27,alpaca:corporate-actions:name_change,2026-09-28T02:59:35Z
TBMC,CYAB,2026-03-27,alpaca:corporate-actions:name_change,2026-09-28T02:59:35Z
GDFN,ARMY,2026-03-31,alpaca:corporate-actions:name_change,2026-09-28T02:59:35Z
JFBR,NEXR,2026-03-31,alpaca:corporate-actions:name_change,2026-09-28T02:59:35Z
JFBRW,NEXRW,2026-03-31,alpaca:corporate-actions:name_change,2026-09-28T02:59:35Z
ITRM,ITRMF,2026-04-01,alpaca:corporate-actions:name_change,2026-09-28T02:59:35Z
SICPQ,SICP,2026-04-01,alpaca:corporate-actions:name_change,2026-09-28T02:59:35Z
VCIC,CSHR,2026-04-01,alpaca:corporate-actions:name_change,2026-09-28T02:59:35Z
VCICW,CSHRW,2026-04-01,alpaca:corporate-actions:name_change,2026-09-28T02:59:35Z
VGNT-WI,VGNT,2026-04-01,alpaca:corporate-actions:name_change,2026-09-28T02:59:35Z
CMCAW,CMCWF,2026-04-02,alpaca:corporate-actions:name_change,2026-09-28T02:59:35Z
BITF,KEEL,2026-04-06,alpaca:corporate-actions:name_change,2026-09-28T02:59:35Z
NBY,SDEV,2026-04-06,alpaca:corporate-actions:name_change,2026-09-28T02:59:35Z
QH,QHUOY,2026-04-06,alpaca:corporate-actions:name_change,2026-09-28T02:59:35Z
DCOMG,DCBG,2026-04-07,alpaca:corporate-actions:name_change,2026-09-28T02:59:35Z
IOBT,IOBTQ,2026-04-07,alpaca:corporate-actions:name_change,2026-09-28T02:59:35Z
SPCX,SPCK,2026-04-07,alpaca:corporate-actions:name_change,2026-09-28T02:59:35Z
MONDQ,MOND,2026-04-08,alpaca:corporate-actions:name_change,2026-09-28T02:59:35Z
BJK,GENZ,2026-04-09,alpaca:corporate-actions:name_change,2026-09-28T02:59:35Z
CAPT,CPTAF,2026-04-09,alpaca:corporate-actions:name_change,2026-09-28T02:59:35Z
CAPTW,CPTWF,2026-04-09,alpaca:corporate-actions:name_change,2026-09-28T02:59:35Z
HYAC,RMIX,2026-04-09,alpaca:corporate-actions:name_change,2026-09-28T02:59:35Z
CIGL,YOOV,2026-04-13,alpaca:corporate-actions:name_change,2026-09-28T02:59:35Z
ZGM,ZTG,2026-04-14,alpaca:corporate-actions:name_change,2026-09-28T02:59:35Z
RTMVY,RMVEY,2026-04-15,alpaca:corporate-actions:name_change,2026-09-28T02:59:35Z
PSTG,P,2026-04-17,alpaca:corporate-actions:name_change,2026-09-28T02:59:35Z
XAIL,SPCL,2026-04-17,alpaca:corporate-actions:name_change,2026-09-28T02:59:35Z
QVCC,QVCCQ,2026-04-20,alpaca:corporate-actions:name_change,2026-09-28T02:59:35Z
QVCGB,QVCGQ,2026-04-20,alpaca:corporate-actions:name_change,2026-09-28T02:59:35Z
SPIEF,SPIEQ,2026-04-20,alpaca:corporate-actions:name_change,2026-09-28T02:59:35Z
TRAXV,TRAX,2026-04-20,alpaca:corporate-actions:name_change,2026-09-28T02:59:35Z
ATON,ALP,2026-04-21,alpaca:corporate-actions:name_change,2026-09-28T02:59:35Z
ASGN,EFOR,2026-04-24,alpaca:corporate-actions:name_change,2026-09-28T02:59:35Z
QVCGA,QVCAQ,2026-04-24,alpaca:corporate-actions:name_change,2026-09-28T02:59:35Z
QVCGP,QVCPQ,2026-04-24,alpaca:corporate-actions:name_change,2026-09-28T02:59:35Z
BTFL,KEEX,2026-04-27,alpaca:corporate-actions:name_change,2026-09-28T02:59:35Z
VIVKD,VIVK,2026-04-27,alpaca:corporate-actions:name_change,2026-09-28T02:59:35Z
TIVC,VBIO,2026-04-28,alpaca:corporate-actions:name_change,2026-09-28T02:59:35Z
ALTS,AIFC,2026-04-29,alpaca:corporate-actions:name_change,2026-09-28T02:59:35Z
SBLX,FABC,2026-04-29,alpaca:corporate-actions:name_change,2026-09-28T02:59:35Z
MIGI,BGDE,2026-04-30,alpaca:corporate-actions:name_change,2026-09-28T02:59:35Z
QUVU,ACVU,2026-04-30,alpaca:corporate-actions:name_change,2026-09-28T02:59:35Z
SIXG,UFOX,2026-04-30,alpaca:corporate-actions:name_change,2026-09-28T02:59:35Z
VBIX,QXL,2026-04-30,alpaca:corporate-actions:name_change,2026-09-28T02:59:35Z
CWEN-A,CWEN,2026-05-01,alpaca:corporate-actions:name_change,2026-09-28T02:59:35Z
ETHM,DYNC,2026-05-01,alpaca:corporate-actions:name_change,2026-09-28T02:59:35Z
ETHMU,DYNCU,2026-05-01,alpaca:corporate-actions:name_change,2026-09-28T02:59:35Z
ETHMW,DYNCW,2026-05-01,alpaca:corporate-actions:name_change,2026-09-28T02:59:35Z
MAXN,MAXNQ,2026-05-01,alpaca:corporate-actions:name_change,2026-09-28T02:59:35Z
MEG,ONT,2026-05-04,alpaca:corporate-actions:name_change,2026-09-28T02:59:35Z
STIXD,STIXF,2026-05-04,alpaca:corporate-actions:name_change,2026-09-28T02:59:35Z
EKSO,CHRN,2026-05-05,alpaca:corporate-actions:name_change,2026-09-28T02:59:35Z
APAD,ENHA,2026-05-08,alpaca:corporate-actions:name_change,2026-09-28T02:59:35Z
CUK,CCL,2026-05-08,alpaca:corporate-actions:name_change,2026-09-28T02:59:35Z
EXPI,AGNT,2026-05-08,alpaca:corporate-actions:name_change,2026-09-28T02:59:35Z
GLPG,LKFT,2026-05-08,alpaca:corporate-actions:name_change,2026-09-28T02:59:35Z
WIZEY,WSE,2026-05-11,alpaca:corporate-actions:name_change,2026-09-28T02:59:35Z
WLAC,BRUN,2026-05-11,alpaca:corporate-actions:name_change,2026-09-28T02:59:35Z
WLACW,BRUNW,2026-05-11,alpaca:corporate-actions:name_change,2026-09-28T02:59:35Z
FIHL,PLGO,2026-05-12,alpaca:corporate-actions:name_change,2026-09-28T02:59:35Z
RVYL,RTB,2026-05-13,alpaca:corporate-actions:name_change,2026-09-28T02:59:35Z
ALCY,ALCYF,2026-05-14,alpaca:corporate-actions:name_change,2026-09-28T02:59:35Z
ALCYU,ALCUF,2026-05-14,alpaca:corporate-actions:name_change,2026-09-28T02:59:35Z
ALCYW,ALCWF,2026-05-14,alpaca:corporate-actions:name_change,2026-09-28T02:59:35Z
AGH,PUSA,2026-05-18,alpaca:corporate-actions:name_change,2026-09-28T02:59:35Z
CAEP,AIIR,2026-05-18,alpaca:corporate-actions:name_change,2026-09-28T02:59:35Z
CNTMD,CNTM,2026-05-18,alpaca:corporate-actions:name_change,2026-09-28T02:59:35Z
LGCB,UZX,2026-05-18,alpaca:corporate-actions:name_change,2026-09-28T02:59:35Z
XWIN,XMAX,2026-05-18,alpaca:corporate-actions:name_change,2026-09-28T02:59:35Z
ZBAI,AUC,2026-05-18,alpaca:corporate-actions:name_change,2026-09-28T02:59:35Z
AGNPD,AGNPF,2026-05-19,alpaca:corporate-actions:name_change,2026-09-28T02:59:35Z
KFS,KWY,2026-05-19,alpaca:corporate-actions:name_change,2026-09-28T02:59:35Z
IINN,QTEX,2026-05-20,alpaca:corporate-actions:name_change,2026-09-28T02:59:35Z
IINNW,QTEXW,2026-05-20,alpaca:corporate-actions:name_change,2026-09-28T02:59:35Z
BK,BNY,2026-05-21,alpaca:corporate-actions:name_change,2026-09-28T02:59:35Z
PRTC,PRTCY,2026-05-21,alpaca:corporate-actions:name_change,2026-09-28T02:59:35Z
SOPA,SOPAQ,2026-05-21,alpaca:corporate-actions:name_change,2026-09-28T02:59:35Z
QHUOD,QHUOY,2026-05-22,alpaca:corporate-actions:name_change,2026-09-28T02:59:35Z
BTM,BTMCQ,2026-05-26,alpaca:corporate-actions:name_change,2026-09-28T02:59:35Z
BTMWW,BTMWQ,2026-05-26,alpaca:corporate-actions:name_change,2026-09-28T02:59:35Z
GIG,HDRN,2026-05-26,alpaca:corporate-actions:name_change,2026-09-28T02:59:35Z
GIGGW,HDRNW,2026-05-26,alpaca:corporate-actions:name_change,2026-09-28T02:59:35Z
AGAE,AIFA,2026-05-27,alpaca:corporate-actions:name_change,2026-09-28T02:59:35Z
IPOD,CCAQ,2026-05-27,alpaca:corporate-actions:name_change,2026-09-28T02:59:35Z
IPODU,CCAQU,2026-05-27,alpaca:corporate-actions:name_change,2026-09-28T02:59:35Z
IPODW,CCAQW,2026-05-27,alpaca:corporate-actions:name_change,2026-09-28T02:59:35Z
TSEOF,TSEOQ,2026-05-27,alpaca:corporate-actions:name_change,2026-09-28T02:59:35Z
HOTH,RKTO,2026-05-28,alpaca:corporate-actions:name_change,2026-09-28T02:59:35Z
OCTVV,OCTV,2026-05-28,alpaca:corporate-actions:name_change,2026-09-28T02:59:35Z
STSS,SKYA,2026-05-28,alpaca:corporate-actions:name_change,2026-09-28T02:59:35Z
STSSW,SKYAW,2026-05-28,alpaca:corporate-actions:name_change,2026-09-28T02:59:35Z
OTH,NXB,2026-05-29,alpaca:corporate-actions:name_change,2026-09-28T02:59:35Z
TMET,ISTM,2026-05-29,alpaca:corporate-actions:name_change,2026-09-28T02:59:35Z
AZLUY,AZUL,2026-06-01,alpaca:corporate-actions:name_change,2026-09-28T02:59:35Z
EDAP,FOCL,2026-06-01,alpaca:corporate-actions:name_change,2026-09-28T02:59:35Z
ABVE,ABVEF,2026-06-02,alpaca:corporate-actions:name_change,2026-09-28T02:59:35Z
ABVEW,ABVWF,2026-06-02,alpaca:corporate-actions:name_change,2026-09-28T02:59:35Z
VSCO,VSXY,2026-06-02,alpaca:corporate-actions:name_change,2026-09-28T02:59:35Z
MBCC,MBCE,2026-06-03,alpaca:corporate-actions:name_change,2026-09-28T02:59:35Z
SUUN,PBK,2026-06-03,alpaca:corporate-actions:name_change,2026-09-28T02:59:35Z
IAC,PPLI,2026-06-04,alpaca:corporate-actions:name_change,2026-09-28T02:59:35Z
KYOCY,KYOAY,2026-06-05,alpaca:corporate-actions:name_change,2026-09-28T02:59:35Z
CGCT,FAC,2026-06-08,alpaca:corporate-actions:name_change,2026-09-28T02:59:35Z
CGCTW,FACWW,2026-06-08,alpaca:corporate-actions:name_change,2026-09-28T02:59:35Z
MMLG,AFGR,2026-06-08,alpaca:corporate-actions:name_change,2026-09-28T02:59:35Z
SELX,SELXF,2026-06-08,alpaca:corporate-actions:name_change,2026-09-28T02:59:35Z
STRV,STXF,2026-06-08,alpaca:corporate-actions:name_change,2026-09-28T02:59:35Z
USEG,BSIN,2026-06-08,alpaca:corporate-actions:name_change,2026-09-28T02:59:35Z
WISD,SLWS,2026-06-08,alpaca:corporate-actions:name_change,2026-09-28T02:59:35Z
ELOXD,ELOX,2026-06-09,alpaca:corporate-actions:name_change,2026-09-28T02:59:35Z
LEGT,ENRD,2026-06-10,alpaca:corporate-actions:name_change,2026-09-28T02:59:35Z
LEGT-WS,ENRDW,2026-06-10,alpaca:corporate-actions:name_change,2026-09-28T02:59:35Z
NBRVF,G63CNT037,2026-06-10,alpaca:corporate-actions:name_change,2026-09-28T02:59:35Z
NOTV,NOTVQ,2026-06-11,alpaca:corporate-actions:name_change,2026-09-28T02:59:35Z
VACH,VRXA,2026-06-11,alpaca:corporate-actions:name_change,2026-09-28T02:59:35Z
VACHW,VRXAW,2026-06-11,alpaca:corporate-actions:name_change,2026-09-28T02:59:35Z
FITBI,FITB-PRI,2026-06-12,alpaca:corporate-actions:name_change,2026-09-28T02:59:35Z
FITBM,FITB-PRM,2026-06-12,alpaca:corporate-actions:name_change,2026-09-28T02:59:35Z
FITBO,FITB-PRK,2026-06-12,alpaca:corporate-actions:name_change,2026-09-28T02:59:35Z
FITBP,FITB-PRA,2026-06-12,alpaca:corporate-actions:name_change,2026-09-28T02:59:35Z
MLAC,AVAT,2026-06-12,alpaca:corporate-actions:name_change,2026-09-28T02:59:35Z
SCVL,SHOE,2026-06-12,alpaca:corporate-actions:name_change,2026-09-28T02:59:35Z
HSPT,SLBT,2026-06-15,alpaca:corporate-actions:name_change,2026-09-28T02:59:35Z
LBUYD,BOTX,2026-06-15,alpaca:corporate-actions:name_change,2026-09-28T02:59:35Z
GOCO,GOCOQ,2026-06-16,alpaca:corporate-actions:name_change,2026-09-28T02:59:35Z
HALL,HALLQ,2026-06-16,alpaca:corporate-actions:name_change,2026-09-28T02:59:35Z
SNSE,FTH,2026-06-16,alpaca:corporate-actions:name_change,2026-09-28T02:59:35Z
UGRO,FLZH,2026-06-16,alpaca:corporate-actions:name_change,2026-09-28T02:59:35Z
SKBL,KAZR,2026-06-17,alpaca:corporate-actions:name_change,2026-09-28T02:59:35Z
LC,HAPN,2026-06-22,alpaca:corporate-actions:name_change,2026-09-28T02:59:35Z
RSHO,WELD,2026-06-22,alpaca:corporate-actions:name_change,2026-09-28T02:59:35Z
SKLZ,FIRY,2026-06-22,alpaca:corporate-actions:name_change,2026-09-28T02:59:35Z
LOKV,TMS,2026-06-23,alpaca:corporate-actions:name_change,2026-09-28T02:59:35Z
LOKVW,TMSWW,2026-06-23,alpaca:corporate-actions:name_change,2026-09-28T02:59:35Z
SNBR,SNBRQ,2026-06-23,alpaca:corporate-actions:name_change,2026-09-28T02:59:35Z
DEVS,DEVSF,2026-06-24,alpaca:corporate-actions:name_change,2026-09-28T02:59:35Z
MARB,NTRL,2026-06-24,alpaca:corporate-actions:name_change,2026-09-28T02:59:35Z
ORIS,ORISF,2026-06-24,alpaca:corporate-actions:name_change,2026-09-28T02:59:35Z
SATS,ECHO,2026-06-24,alpaca:corporate-actions:name_change,2026-09-28T02:59:35Z
SGMO,SGMOQ,2026-06-24,alpaca:corporate-actions:name_change,2026-09-28T02:59:35Z
LANV-WS,LANWF,2026-06-26,alpaca:corporate-actions:name_change,2026-09-28T02:59:35Z
FDP,DMC,2026-06-29,alpaca:corporate-actions:name_change,2026-09-28T02:59:35Z
HONAV,HONA,2026-06-29,alpaca:corporate-actions:name_change,2026-09-28T02:59:35Z
LGL-RT,LGLGR,2026-06-29,alpaca:corporate-actions:name_change,2026-09-28T02:59:35Z
GLDY,GOLI,2026-06-30,alpaca:corporate-actions:name_change,2026-09-28T02:59:35Z
SATG,ECHX,2026-07-01,alpaca:corporate-actions:name_change,2026-09-28T02:59:35Z
SSSS,NSLR,2026-07-01,alpaca:corporate-actions:name_change,2026-09-28T02:59:35Z
SSSSL,NSLRL,2026-07-01,alpaca:corporate-actions:name_change,2026-09-28T02:59:35Z
TBH,HODO,2026-07-01,alpaca:corporate-actions:name_change,2026-09-28T02:59:35Z
ATLN,CIRC,2026-07-02,alpaca:corporate-actions:name_change,2026-09-28T02:59:35Z
CEPT,SECZ,2026-07-02,alpaca:corporate-actions:name_change,2026-09-28T02:59:35Z
GWH-WS,GWHWW,2026-07-02,alpaca:corporate-actions:name_change,2026-09-28T02:59:35Z
RAAQ,IQMX,2026-07-02,alpaca:corporate-actions:name_change,2026-09-28T02:59:35Z
RAAQW,IQMXW,2026-07-02,alpaca:corporate-actions:name_change,2026-09-28T02:59:35Z
WTO,FXHO,2026-07-02,alpaca:corporate-actions:name_change,2026-09-28T02:59:35Z
AAUM,PRVT,2026-07-06,alpaca:corporate-actions:name_change,2026-09-28T02:59:35Z
LIXT,NMAD,2026-07-06,alpaca:corporate-actions:name_change,2026-09-28T02:59:35Z
YELLQ,985ESC011,2026-07-06,alpaca:corporate-actions:name_change,2026-09-28T02:59:35Z
MFPVV,MFP,2026-07-07,alpaca:corporate-actions:name_change,2026-09-28T02:59:35Z
CGEH,CEPL,2026-07-08,alpaca:corporate-actions:name_change,2026-09-28T02:59:35Z
MIDDV,MIDD,2026-07-08,alpaca:corporate-actions:name_change,2026-09-28T02:59:35Z
MSW,PMA,2026-07-09,alpaca:corporate-actions:name_change,2026-09-28T02:59:35Z
RNWZ,PWRZ,2026-07-09,alpaca:corporate-actions:name_change,2026-09-28T02:59:35Z
SPCZ,RNMN,2026-07-09,alpaca:corporate-actions:name_change,2026-09-28T02:59:35Z
EVTV,AZIO,2026-07-13,alpaca:corporate-actions:name_change,2026-09-28T02:59:35Z
SKHYV,SKHY,2026-07-13,alpaca:corporate-actions:name_change,2026-09-28T02:59:35Z
SVAC,GFUZ,2026-07-13,alpaca:corporate-actions:name_change,2026-09-28T02:59:35Z
SVACW,GFUZW,2026-07-13,alpaca:corporate-actions:name_change,2026-09-28T02:59:35Z
REE,REEAF,2026-07-14,alpaca:corporate-actions:name_change,2026-09-28T02:59:35Z
OPTEY,CYVNY,2026-07-15,alpaca:corporate-actions:name_change,2026-09-28T02:59:35Z
WAI,DPU,2026-07-16,alpaca:corporate-actions:name_change,2026-09-28T02:59:35Z
GGAZD,GORO,2026-07-20,alpaca:corporate-actions:name_change,2026-09-28T02:59:35Z
ODV,OGG,2026-07-20,alpaca:corporate-actions:name_change,2026-09-28T02:59:35Z
ODVWZ,OGGWZ,2026-07-20,alpaca:corporate-actions:name_change,2026-09-28T02:59:35Z
UBXG,MF,2026-07-20,alpaca:corporate-actions:name_change,2026-09-28T02:59:35Z
PCSC,FRNM,2026-07-21,alpaca:corporate-actions:name_change,2026-09-28T02:59:35Z
YOOV,CIGL,2026-07-21,alpaca:corporate-actions:name_change,2026-09-28T02:59:35Z
ALBT,CHGA,2026-07-22,alpaca:corporate-actions:name_change,2026-09-28T02:59:35Z
KRMA,CPTL,2026-07-22,alpaca:corporate-actions:name_change,2026-09-28T02:59:35Z
LMFA,PWCM,2026-07-22,alpaca:corporate-actions:name_change,2026-09-28T02:59:35Z
WGRX,MEDS,2026-07-22,alpaca:corporate-actions:name_change,2026-09-28T02:59:35Z
GAMB,GRSD,2026-07-23,alpaca:corporate-actions:name_change,2026-09-28T02:59:35Z
MBAV,VLOS,2026-07-23,alpaca:corporate-actions:name_change,2026-09-28T02:59:35Z
MBAVU,VLOSU,2026-07-23,alpaca:corporate-actions:name_change,2026-09-28T02:59:35Z
MBAVW,VLOSW,2026-07-23,alpaca:corporate-actions:name_change,2026-09-28T02:59:35Z
ACQC,BIOT,2026-07-24,alpaca:corporate-actions:name_change,2026-09-28T02:59:35Z
GREE,VIP,2026-07-24,alpaca:corporate-actions:name_change,2026-09-28T02:59:35Z
GRAF,TONT,2026-07-27,alpaca:corporate-actions:name_change,2026-09-28T02:59:35Z
TRINI,TRNI,2026-07-27,alpaca:corporate-actions:name_change,2026-09-28T02:59:35Z
TRINZ,TRNZ,2026-07-27,alpaca:corporate-actions:name_change,2026-09-28T02:59:35Z
VLN-WS,VLNWF,2026-07-27,alpaca:corporate-actions:name_change,2026-09-28T02:59:35Z
VYNE,YARW,2026-07-28,alpaca:corporate-actions:name_change,2026-09-28T02:59:35Z
BLIXX,BCLXX,2026-07-29,alpaca:corporate-actions:name_change,2026-09-28T02:59:35Z
FOXOD,FOXO,2026-07-30,alpaca:corporate-actions:name_change,2026-09-28T02:59:35Z
GV,GVHGF,2026-07-31,alpaca:corporate-actions:name_change,2026-09-28T02:59:35Z
GEOA,OPPG,2026-08-03,alpaca:corporate-actions:name_change,2026-09-28T02:59:35Z
KVAC,KVACF,2026-08-03,alpaca:corporate-actions:name_change,2026-09-28T02:59:35Z
KVACU,KVAUF,2026-08-03,alpaca:corporate-actions:name_change,2026-09-28T02:59:35Z
KVACW,KVAWF,2026-08-03,alpaca:corporate-actions:name_change,2026-09-28T02:59:35Z
PSTV,CNSY,2026-08-03,alpaca:corporate-actions:name_change,2026-09-28T02:59:35Z
LSH,QNME,2026-08-04,alpaca:corporate-actions:name_change,2026-09-28T02:59:35Z
SEAV,APGH,2026-08-04,alpaca:corporate-actions:name_change,2026-09-28T02:59:35Z
TOI,STLN,2026-08-04,alpaca:corporate-actions:name_change,2026-09-28T02:59:35Z
TOIIW,STLNW,2026-08-04,alpaca:corporate-actions:name_change,2026-09-28T02:59:35Z
AXIA,AXIAY,2026-08-07,alpaca:corporate-actions:name_change,2026-09-28T02:59:35Z
AXIA-PRC,AXICY,2026-08-07,alpaca:corporate-actions:name_change,2026-09-28T02:59:35Z
BNZI,PARA,2026-08-07,alpaca:corporate-actions:name_change,2026-09-28T02:59:35Z
BNZIW,PARAW,2026-08-07,alpaca:corporate-actions:name_change,2026-09-28T02:59:35Z
FCT,FFLX,2026-08-10,alpaca:corporate-actions:name_change,2026-09-28T02:59:35Z
QVC,QVCG,2026-08-10,alpaca:corporate-actions:name_change,2026-09-28T02:59:35Z
BKSY-WS,BKSYW,2026-08-11,alpaca:corporate-actions:name_change,2026-09-28T02:59:35Z
BNRG,BRNX,2026-08-14,alpaca:corporate-actions:name_change,2026-09-28T02:59:35Z
PLMWF,87356V116,2026-08-14,alpaca:corporate-actions:name_change,2026-09-28T02:59:35Z
SES-WS,SESCW,2026-08-14,alpaca:corporate-actions:name_change,2026-09-28T02:59:35Z
BBBY,NXH,2026-08-17,alpaca:corporate-actions:name_change,2026-09-28T02:59:35Z
BBBY-WS,BBBYW,2026-08-17,alpaca:corporate-actions:name_change,2026-09-28T02:59:35Z
IPCX,WATR,2026-08-17,alpaca:corporate-actions:name_change,2026-09-28T02:59:35Z
EQR,VMRK,2026-08-18,alpaca:corporate-actions:name_change,2026-09-28T02:59:35Z
FTRK,FTRKF,2026-08-18,alpaca:corporate-actions:name_change,2026-09-28T02:59:35Z
ISSC,IA,2026-08-18,alpaca:corporate-actions:name_change,2026-09-28T02:59:35Z
ALURD,ALUR,2026-08-19,alpaca:corporate-actions:name_change,2026-09-28T02:59:35Z
GGRP,BTLN,2026-08-20,alpaca:corporate-actions:name_change,2026-09-28T02:59:35Z
MGKX,MEGX,2026-08-21,alpaca:corporate-actions:name_change,2026-09-28T02:59:35Z
TUGN,SEPQ,2026-08-21,alpaca:corporate-actions:name_change,2026-09-28T02:59:35Z
VBX,USSX,2026-08-21,alpaca:corporate-actions:name_change,2026-09-28T02:59:35Z
VOOX,USLX,2026-08-21,alpaca:corporate-actions:name_change,2026-09-28T02:59:35Z
XVO,USMX,2026-08-21,alpaca:corporate-actions:name_change,2026-09-28T02:59:35Z
XVUG,USGX,2026-08-21,alpaca:corporate-actions:name_change,2026-09-28T02:59:35Z
NCL,NCLX,2026-08-24,alpaca:corporate-actions:name_change,2026-09-28T02:59:35Z
SBEV,EDVA,2026-08-24,alpaca:corporate-actions:name_change,2026-09-28T02:59:35Z
NRDE,SNFI,2026-08-26,alpaca:corporate-actions:name_change,2026-09-28T02:59:35Z
SIC,PSOX,2026-08-26,alpaca:corporate-actions:name_change,2026-09-28T02:59:35Z
AIHS,VAI,2026-08-27,alpaca:corporate-actions:name_change,2026-09-28T02:59:35Z
CMII,IPXG,2026-08-27,alpaca:corporate-actions:name_change,2026-09-28T02:59:35Z
CMIIU,IPXGU,2026-08-27,alpaca:corporate-actions:name_change,2026-09-28T02:59:35Z
CMIIW,IPXGW,2026-08-27,alpaca:corporate-actions:name_change,2026-09-28T02:59:35Z
WILC,WILCF,2026-08-27,alpaca:corporate-actions:name_change,2026-09-28T02:59:35Z
BBCQ,PSQL,2026-08-28,alpaca:corporate-actions:name_change,2026-09-28T02:59:35Z
BGI,BGICF,2026-08-28,alpaca:corporate-actions:name_change,2026-09-28T02:59:35Z
IQRA,REIX,2026-08-28,alpaca:corporate-actions:name_change,2026-09-28T02:59:35Z
AREN,PAAI,2026-08-31,alpaca:corporate-actions:name_change,2026-09-28T02:59:35Z
JAB,ATLQ,2026-08-31,alpaca:corporate-actions:name_change,2026-09-28T02:59:35Z
JABRR,ATLQR,2026-08-31,alpaca:corporate-actions:name_change,2026-09-28T02:59:35Z
JABRU,ATLQU,2026-08-31,alpaca:corporate-actions:name_change,2026-09-28T02:59:35Z
JABRW,ATLQW,2026-08-31,alpaca:corporate-actions:name_change,2026-09-28T02:59:35Z
MAPP,MATR,2026-08-31,alpaca:corporate-actions:name_change,2026-09-28T02:59:35Z
VLLU,AELV,2026-08-31,alpaca:corporate-actions:name_change,2026-09-28T02:59:35Z
GBF,AGGM,2026-09-01,alpaca:corporate-actions:name_change,2026-09-28T02:59:35Z
WORXD,WORX,2026-09-01,alpaca:corporate-actions:name_change,2026-09-28T02:59:35Z
HLX,HOS,2026-09-02,alpaca:corporate-actions:name_change,2026-09-28T02:59:35Z
YYGH,YFOR,2026-09-02,alpaca:corporate-actions:name_change,2026-09-28T02:59:35Z
ZTEK,ZTEKF,2026-09-02,alpaca:corporate-actions:name_change,2026-09-28T02:59:35Z
BTOG,SGRX,2026-09-04,alpaca:corporate-actions:name_change,2026-09-28T02:59:35Z
JFB,XTND,2026-09-04,alpaca:corporate-actions:name_change,2026-09-28T02:59:35Z
BTAI,BTAIQ,2026-09-08,alpaca:corporate-actions:name_change,2026-09-28T02:59:35Z
KWM,NXAT,2026-09-09,alpaca:corporate-actions:name_change,2026-09-28T02:59:35Z
KWMWW,NXATW,2026-09-09,alpaca:corporate-actions:name_change,2026-09-28T02:59:35Z
GLMD,EOCN,2026-09-10,alpaca:corporate-actions:name_change,2026-09-28T02:59:35Z
RAY,ATTT,2026-09-10,alpaca:corporate-actions:name_change,2026-09-28T02:59:35Z
PHGE,HLSQ,2026-09-11,alpaca:corporate-actions:name_change,2026-09-28T02:59:35Z
BURUD,BURU,2026-09-14,alpaca:corporate-actions:name_change,2026-09-28T02:59:35Z
EASG,DMXU,2026-09-14,alpaca:corporate-actions:name_change,2026-09-28T02:59:35Z
MUSI,ABND,2026-09-14,alpaca:corporate-actions:name_change,2026-09-28T02:59:35Z
RFDI,AFDM,2026-09-14,alpaca:corporate-actions:name_change,2026-09-28T02:59:35Z
RFEM,AFEM,2026-09-14,alpaca:corporate-actions:name_change,2026-09-28T02:59:35Z
ANY,DRK,2026-09-17,alpaca:corporate-actions:name_change,2026-09-28T02:59:35Z
RITR,RITRF,2026-09-17,alpaca:corporate-actions:name_change,2026-09-28T02:59:35Z
TOELY,TELWY,2026-09-17,alpaca:corporate-actions:name_change,2026-09-28T02:59:35Z
HCWC,HOST,2026-09-18,alpaca:corporate-actions:name_change,2026-09-28T02:59:35Z
SNYR,SNYRQ,2026-09-18,alpaca:corporate-actions:name_change,2026-09-28T02:59:35Z
CSAN,CSANY,2026-09-21,alpaca:corporate-actions:name_change,2026-09-28T02:59:35Z
ALCED,ADIS,2026-09-22,alpaca:corporate-actions:name_change,2026-09-28T02:59:35Z
BRR,SVIA,2026-09-22,alpaca:corporate-actions:name_change,2026-09-28T02:59:35Z
BRRWW,SVIAW,2026-09-22,alpaca:corporate-actions:name_change,2026-09-28T02:59:35Z
HWH,ESYN,2026-09-22,alpaca:corporate-actions:name_change,2026-09-28T02:59:35Z
MNRS,GCPU,2026-09-22,alpaca:corporate-actions:name_change,2026-09-28T02:59:35Z
NHIC,NWCL,2026-09-22,alpaca:corporate-actions:name_change,2026-09-28T02:59:35Z
NHICW,NWCLW,2026-09-22,alpaca:corporate-actions:name_change,2026-09-28T02:59:35Z
DOMO,HUCK,2026-09-24,alpaca:corporate-actions:name_change,2026-09-28T02:59:35Z
HVII,ONEN,2026-09-24,alpaca:corporate-actions:name_change,2026-09-28T02:59:35Z
FGNX,FGC,2026-09-28,alpaca:corporate-actions:name_change,2026-09-29T07:14:56Z
FGNXP,FGCPP,2026-09-28,alpaca:corporate-actions:name_change,2026-09-29T07:14:56Z
IPEX,GOW,2026-09-28,alpaca:corporate-actions:name_change,2026-09-29T07:14:56Z
FTRKD,FTRKF,2026-09-29,alpaca:corporate-actions:name_change,2026-09-29T07:14:56Z
AIXC,FFR,2026-09-30,alpaca:corporate-actions:name_change,2026-09-30T07:04:49Z
VRME,OPNW,2026-10-01,alpaca:corporate-actions:name_change,2026-10-01T07:30:05Z
COLA,SAIQ,2026-10-02,alpaca:corporate-actions:name_change,2026-10-02T07:17:02Z
COLAR,SAIQ,2026-10-02,alpaca:corporate-actions:name_change,2026-10-02T07:17:02Z
VACI,NSTR,2026-10-02,alpaca:corporate-actions:name_change,2026-10-02T07:17:02Z
GWH,GWHT,2026-10-05,alpaca:corporate-actions:name_change,2026-10-06T07:51:30Z
ILCB,MLRG,2026-10-05,alpaca:corporate-actions:name_change,2026-10-06T07:51:30Z
ISCB,MSML,2026-10-05,alpaca:corporate-actions:name_change,2026-10-06T07:51:30Z
WALD,WALDF,2026-10-05,alpaca:corporate-actions:name_change,2026-10-06T07:51:30Z
WALDW,WALWF,2026-10-05,alpaca:corporate-actions:name_change,2026-10-06T07:51:30Z
LESL,LESLQ,2026-10-06,alpaca:corporate-actions:name_change,2026-10-06T07:51:30Z
PSKY,SKYD,2026-10-06,alpaca:corporate-actions:name_change,2026-10-06T07:51:30Z
